"ID","Registry name","Biome name","temp.","temp cat","rain","snow","oceanic","BiomeType","BiomeDictionary.Type","Valid for","waterColorMultiplier","grassColorMultiplier","foliageColorMultiplier"
0,"minecraft:ocean","Ocean",0.50,"OCEAN",0.50,"false","true","","OCEAN, WATER","","0x003F76E4 (   4159204)","0xFF8EB971 (  -7423631)","0xFF71A74D (  -9328819)"
1,"minecraft:plains","Plains",0.80,"MEDIUM",0.40,"false","false","COOL, WARM","PLAINS","spawn, stronghold, village","0x003F76E4 (   4159204)","0xFF91BD59 (  -7226023)","0xFF77AB2F (  -8934609)"
2,"minecraft:desert","Desert",2.00,"WARM",0.00,"false","false","","DRY, HOT, SANDY","stronghold, village","0x003F76E4 (   4159204)","0xFFBFB755 (  -4212907)","0xFFAEA42A (  -5331926)"
3,"minecraft:extreme_hills","Extreme Hills",0.24,"MEDIUM",0.30,"false","false","COOL, WARM","HILLS, MOUNTAIN","stronghold, village","0x003F76E4 (   4159204)","0xFF8CB685 (  -7555451)","0xFF6FA367 (  -9460889)"
4,"minecraft:forest","Forest",0.70,"MEDIUM",0.80,"false","false","COOL, WARM","FOREST","spawn, stronghold, village","0x003F76E4 (   4159204)","0xFF79C05A (  -8798118)","0xFF59AE30 ( -10899920)"
5,"minecraft:taiga","Taiga",0.25,"MEDIUM",0.80,"false","false","COOL","COLD, CONIFEROUS, FOREST","spawn, stronghold, village","0x003F76E4 (   4159204)","0xFF86B783 (  -7948413)","0xFF68A464 (  -9919388)"
6,"minecraft:swampland","Swampland",0.80,"MEDIUM",0.90,"false","false","WARM","SWAMP, WET","","0x00617B64 (   6388580)","0xFF6AC44E (  -9780146)","0xFF45B421 ( -12209119)"
7,"minecraft:river","River",0.50,"MEDIUM",0.50,"false","false","","RIVER, WATER","","0x003F76E4 (   4159204)","0xFF8EB971 (  -7423631)","0xFF71A74D (  -9328819)"
8,"minecraft:hell","Hell",2.00,"WARM",0.00,"false","false","","DRY, HOT, NETHER","stronghold","0x003F76E4 (   4159204)","0xFFBFB755 (  -4212907)","0xFFAEA42A (  -5331926)"
9,"minecraft:sky","The End",0.50,"MEDIUM",0.50,"false","false","","COLD, DRY, END","stronghold","0x003F76E4 (   4159204)","0xFF8EB971 (  -7423631)","0xFF71A74D (  -9328819)"
10,"minecraft:frozen_ocean","FrozenOcean",0.00,"OCEAN",0.50,"true","true","","COLD, OCEAN, SNOWY, WATER","","0x003938C9 (   3750089)","0xFF80B497 (  -8342377)","0xFF60A17B ( -10444421)"
11,"minecraft:frozen_river","FrozenRiver",0.00,"COLD",0.50,"true","false","","COLD, RIVER, SNOWY, WATER","","0x003938C9 (   3750089)","0xFF80B497 (  -8342377)","0xFF60A17B ( -10444421)"
12,"minecraft:ice_flats","Ice Plains",0.00,"COLD",0.50,"true","false","ICY","COLD, SNOWY, WASTELAND","stronghold, village","0x003F76E4 (   4159204)","0xFF80B497 (  -8342377)","0xFF60A17B ( -10444421)"
13,"minecraft:ice_mountains","Ice Mountains",0.00,"COLD",0.50,"true","false","","COLD, MOUNTAIN, SNOWY","stronghold","0x003F76E4 (   4159204)","0xFF80B497 (  -8342377)","0xFF60A17B ( -10444421)"
14,"minecraft:mushroom_island","MushroomIsland",0.90,"MEDIUM",1.00,"false","false","","MUSHROOM, RARE","stronghold","0x003F76E4 (   4159204)","0xFF55C93F ( -11155137)","0xFF2BBB0F ( -13911281)"
15,"minecraft:mushroom_island_shore","MushroomIslandShore",0.90,"MEDIUM",1.00,"false","false","","BEACH, MUSHROOM, RARE","","0x003F76E4 (   4159204)","0xFF55C93F ( -11155137)","0xFF2BBB0F ( -13911281)"
16,"minecraft:beaches","Beach",0.80,"MEDIUM",0.40,"false","false","","BEACH","village","0x003F76E4 (   4159204)","0xFF91BD59 (  -7226023)","0xFF77AB2F (  -8934609)"
17,"minecraft:desert_hills","DesertHills",2.00,"WARM",0.00,"false","false","","DRY, HILLS, HOT, SANDY","stronghold","0x003F76E4 (   4159204)","0xFFBFB755 (  -4212907)","0xFFAEA42A (  -5331926)"
18,"minecraft:forest_hills","ForestHills",0.70,"MEDIUM",0.80,"false","false","","FOREST, HILLS","spawn, stronghold","0x003F76E4 (   4159204)","0xFF79C05A (  -8798118)","0xFF59AE30 ( -10899920)"
19,"minecraft:taiga_hills","TaigaHills",0.25,"MEDIUM",0.80,"false","false","","COLD, CONIFEROUS, FOREST, HILLS","spawn, stronghold","0x003F76E4 (   4159204)","0xFF86B783 (  -7948413)","0xFF68A464 (  -9919388)"
20,"minecraft:smaller_extreme_hills","Extreme Hills Edge",0.24,"MEDIUM",0.30,"false","false","","MOUNTAIN","stronghold","0x003F76E4 (   4159204)","0xFF8CB685 (  -7555451)","0xFF6FA367 (  -9460889)"
21,"minecraft:jungle","Jungle",0.95,"MEDIUM",0.90,"false","false","","DENSE, HOT, JUNGLE, WET","spawn, stronghold, village","0x003F76E4 (   4159204)","0xFF59C93C ( -10892996)","0xFF30BB0B ( -13583605)"
22,"minecraft:jungle_hills","JungleHills",0.95,"MEDIUM",0.90,"false","false","","DENSE, HILLS, HOT, JUNGLE, WET","spawn, stronghold","0x003F76E4 (   4159204)","0xFF59C93C ( -10892996)","0xFF30BB0B ( -13583605)"
23,"minecraft:jungle_edge","JungleEdge",0.95,"MEDIUM",0.80,"false","false","","FOREST, HOT, JUNGLE, RARE, WET","stronghold, village","0x003F76E4 (   4159204)","0xFF64C73F ( -10172609)","0xFF3EB80F ( -12666865)"
24,"minecraft:deep_ocean","Deep Ocean",0.50,"OCEAN",0.50,"false","true","","OCEAN, WATER","","0x003F76E4 (   4159204)","0xFF8EB971 (  -7423631)","0xFF71A74D (  -9328819)"
25,"minecraft:stone_beach","Stone Beach",0.20,"MEDIUM",0.30,"false","false","","BEACH","stronghold","0x003F76E4 (   4159204)","0xFF8AB689 (  -7686519)","0xFF6DA36B (  -9591957)"
26,"minecraft:cold_beach","Cold Beach",0.05,"COLD",0.30,"true","false","","BEACH, COLD, SNOWY","","0x003D57D6 (   4020182)","0xFF83B593 (  -8145517)","0xFF64A278 ( -10182024)"
27,"minecraft:birch_forest","Birch Forest",0.60,"MEDIUM",0.60,"false","false","WARM","BIRCH_TREES, FOREST, THEMED_TREES","stronghold, village","0x003F76E4 (   4159204)","0xFF88BB66 (  -7816346)","0xFF6BA940 (  -9721536)"
28,"minecraft:birch_forest_hills","Birch Forest Hills",0.60,"MEDIUM",0.60,"false","false","","BIRCH_TREES, FOREST, HILLS, THEMED_TREES","stronghold","0x003F76E4 (   4159204)","0xFF88BB66 (  -7816346)","0xFF6BA940 (  -9721536)"
29,"minecraft:roofed_forest","Roofed Forest",0.70,"MEDIUM",0.80,"false","false","WARM","BIRCH_TREES, DENSE, FOREST, SPOOKY, THEMED_TREES","stronghold, village","0x003F76E4 (   4159204)","0xFF79C05A (  -8798118)","0xFF59AE30 ( -10899920)"
30,"minecraft:taiga_cold","Cold Taiga",-0.50,"COLD",0.40,"true","false","ICY","COLD, CONIFEROUS, FOREST, SNOWY","stronghold","0x003D57D6 (   4020182)","0xFF80B497 (  -8342377)","0xFF60A17B ( -10444421)"
31,"minecraft:taiga_cold_hills","Cold Taiga Hills",-0.50,"COLD",0.40,"true","false","","COLD, CONIFEROUS, FOREST, HILLS, SNOWY","stronghold","0x003D57D6 (   4020182)","0xFF80B497 (  -8342377)","0xFF60A17B ( -10444421)"
32,"minecraft:redwood_taiga","Mega Taiga",0.30,"MEDIUM",0.80,"false","false","","COLD, CONIFEROUS, FOREST, MEGA_TAIGA_TREES, THEMED_TREES","stronghold","0x003F76E4 (   4159204)","0xFF86B87F (  -7948161)","0xFF68A55F (  -9919137)"
33,"minecraft:redwood_taiga_hills","Mega Taiga Hills",0.30,"MEDIUM",0.80,"false","false","","COLD, CONIFEROUS, FOREST, HILLS, MEGA_TAIGA_TREES, THEMED_TREES","stronghold","0x003F76E4 (   4159204)","0xFF86B87F (  -7948161)","0xFF68A55F (  -9919137)"
34,"minecraft:extreme_hills_with_trees","Extreme Hills+",0.24,"MEDIUM",0.30,"false","false","","FOREST, MOUNTAIN, SPARSE","stronghold","0x003F76E4 (   4159204)","0xFF8CB685 (  -7555451)","0xFF6FA367 (  -9460889)"
35,"minecraft:savanna","Savanna",1.20,"WARM",0.00,"false","false","","HOT, PLAINS, SAVANNA, SPARSE","stronghold, village","0x003F76E4 (   4159204)","0xFFBFB755 (  -4212907)","0xFFAEA42A (  -5331926)"
36,"minecraft:savanna_rock","Savanna Plateau",1.00,"WARM",0.00,"false","false","","HOT, PLAINS, RARE, SAVANNA, SPARSE","stronghold","0x003F76E4 (   4159204)","0xFFBFB755 (  -4212907)","0xFFAEA42A (  -5331926)"
37,"minecraft:mesa","Mesa",2.00,"WARM",0.00,"false","false","","DRY, MESA, SANDY","stronghold, village","0x003F76E4 (   4159204)","0xFFBFB755 (  -4212907)","0xFFAEA42A (  -5331926)"
38,"minecraft:mesa_rock","Mesa Plateau F",2.00,"WARM",0.00,"false","false","","DRY, MESA, SANDY, SPARSE","stronghold","0x003F76E4 (   4159204)","0xFFBFB755 (  -4212907)","0xFFAEA42A (  -5331926)"
39,"minecraft:mesa_clear_rock","Mesa Plateau",2.00,"WARM",0.00,"false","false","","DRY, MESA, SANDY","stronghold","0x003F76E4 (   4159204)","0xFFBFB755 (  -4212907)","0xFFAEA42A (  -5331926)"
40,"biomesoplenty:gravel_beach","Gravel Beach",0.60,"MEDIUM",0.50,"false","false","","BEACH","","0x003F76E4 (   4159204)","0xFF8DBB68 (  -7488664)","0xFF72A941 (  -9262783)"
41,"biomesoplenty:white_beach","White Beach",1.00,"WARM",0.95,"false","false","","BEACH","","0x003F76E4 (   4159204)","0xFF4CCC35 ( -11744203)","0xFF21BE02 ( -14565886)"
42,"biomesoplenty:origin_beach","Origin Beach",0.60,"MEDIUM",0.60,"false","false","","BEACH, RARE","","0x003F76E4 (   4159204)","0xFF88BB66 (  -7816346)","0xFF6BA940 (  -9721536)"
43,"biomesoplenty:alps","Alps",-0.25,"COLD",0.30,"true","false","","COLD, DRY, MOUNTAIN, SNOWY","stronghold","0x003F76E4 (   4159204)","0xFF80B497 (  -8342377)","0xFF60A17B ( -10444421)"
44,"biomesoplenty:bamboo_forest","Bamboo Forest",0.90,"MEDIUM",0.85,"false","false","","DENSE, FOREST, JUNGLE, WET","spawn, stronghold","0x003F76E4 (   4159204)","0xFF64C642 ( -10172862)","0xFF3DB714 ( -12732652)"
45,"biomesoplenty:bayou","Bayou",0.95,"MEDIUM",0.90,"false","false","","DENSE, HOT, SWAMP, WET","","0x0062AF84 (   6467460)","0xFF59C93C ( -10892996)","0xFF30BB0B ( -13583605)"
46,"biomesoplenty:bog","Bog",0.50,"MEDIUM",0.90,"false","false","","COLD, FOREST, SWAMP, WET","spawn","0x003F76E4 (   4159204)","0xFF7FBC6D (  -8405907)","0xFF60AA48 ( -10442168)"
47,"biomesoplenty:boreal_forest","Boreal Forest",0.30,"MEDIUM",0.60,"false","false","","COLD, CONIFEROUS, DENSE, FOREST, HILLS","spawn, stronghold","0x003F76E4 (   4159204)","0xFF8AB780 (  -7686272)","0xFF6CA460 (  -9657248)"
48,"biomesoplenty:brushland","Brushland",1.50,"WARM",0.10,"false","false","","DRY, HOT, SAVANNA, SPARSE","spawn, stronghold, village","0x003F76E4 (   4159204)","0xFFB2B952 (  -5064366)","0xFF9FA726 (  -6314202)"
49,"biomesoplenty:chaparral","Chaparral",0.80,"MEDIUM",0.40,"false","false","","DRY, PLAINS","spawn, stronghold, village","0x003F76E4 (   4159204)","0xFF91BD59 (  -7226023)","0xFF77AB2F (  -8934609)"
50,"biomesoplenty:cherry_blossom_grove","Cherry Blossom Grove",0.55,"MEDIUM",0.80,"false","false","","DENSE, FOREST, LUSH, MAGICAL, WET","","0x003F76E4 (   4159204)","0xFF81BC69 (  -8274839)","0xFF61AA43 ( -10376637)"
51,"biomesoplenty:cold_desert","Cold Desert",0.20,"MEDIUM",0.00,"false","false","","COLD, DRY, SNOWY","","0x003F76E4 (   4159204)","0xFF8DB58A (  -7490166)","0xFF70A26C (  -9395604)"
52,"biomesoplenty:coniferous_forest","Coniferous Forest",0.45,"MEDIUM",0.50,"false","false","","COLD, CONIFEROUS, DENSE, FOREST","spawn, stronghold, village","0x003F76E4 (   4159204)","0xFF8DB974 (  -7489164)","0xFF71A652 (  -9329070)"
53,"biomesoplenty:crag","Crag",0.50,"MEDIUM",0.50,"false","false","","COLD, DRY, HILLS, MAGICAL, MOUNTAIN, WASTELAND","stronghold","0x003F76E4 (   4159204)","0xFF8EB971 (  -7423631)","0xFF71A74D (  -9328819)"
54,"biomesoplenty:dead_forest","Dead Forest",0.30,"MEDIUM",0.30,"false","false","","COLD, DEAD, DRY, FOREST, SPARSE","stronghold","0x003F76E4 (   4159204)","0xFF8EB681 (  -7424383)","0xFF72A361 (  -9264287)"
55,"biomesoplenty:dead_swamp","Dead Swamp",0.60,"MEDIUM",0.90,"false","false","","COLD, DEAD, SPARSE, SPOOKY, SWAMP, WET","","0x00354762 (   3491682)","0xFF7ABE62 (  -8733086)","0xFF59AD3B ( -10900165)"
56,"biomesoplenty:eucalyptus_forest","Eucalyptus Forest",0.95,"MEDIUM",0.90,"false","false","","DENSE, FOREST, JUNGLE, LUSH, WET","spawn","0x003F76E4 (   4159204)","0xFF59C93C ( -10892996)","0xFF30BB0B ( -13583605)"
57,"biomesoplenty:fen","Fen",0.40,"MEDIUM",0.40,"false","false","","COLD, DEAD, DENSE, FOREST, SWAMP, WET","","0x003F76E4 (   4159204)","0xFF90B879 (  -7292807)","0xFF73A557 (  -9198249)"
58,"biomesoplenty:flower_field","Flower Field",0.70,"MEDIUM",0.70,"false","false","","LUSH, PLAINS","spawn","0x003F76E4 (   4159204)","0xFF7FBF5C (  -8405156)","0xFF60AE33 ( -10441165)"
59,"biomesoplenty:grassland","Grassland",0.60,"MEDIUM",0.70,"false","false","","HILLS, PLAINS, WET","spawn, village","0x003F76E4 (   4159204)","0xFF83BD65 (  -8143515)","0xFF65AB3E ( -10114242)"
60,"biomesoplenty:grove","Grove",0.60,"MEDIUM",0.80,"false","false","","FOREST, LUSH, PLAINS, SPARSE, WET","spawn, stronghold, village","0x003F76E4 (   4159204)","0xFF7FBD64 (  -8405660)","0xFF5FAC3C ( -10507204)"
61,"biomesoplenty:highland","Highland",0.60,"MEDIUM",0.80,"false","false","","HILLS, MOUNTAIN, WET","spawn, stronghold","0x003F76E4 (   4159204)","0xFF7FBD64 (  -8405660)","0xFF5FAC3C ( -10507204)"
62,"biomesoplenty:land_of_lakes","Land of Lakes",0.50,"MEDIUM",0.90,"false","false","","DENSE, FOREST, SWAMP, WET","spawn","0x003F76E4 (   4159204)","0xFF7FBC6D (  -8405907)","0xFF60AA48 ( -10442168)"
63,"biomesoplenty:lavender_fields","Lavender Fields",0.70,"MEDIUM",0.70,"false","false","","LUSH, MAGICAL, PLAINS","","0x003F76E4 (   4159204)","0xFF7FBF5C (  -8405156)","0xFF60AE33 ( -10441165)"
64,"biomesoplenty:lush_desert","Lush Desert",1.20,"WARM",0.40,"false","false","","DRY, HOT, LUSH, SANDY, SAVANNA, SPARSE","village","0x003F76E4 (   4159204)","0xFF8EC048 (  -7421880)","0xFF72AF1A (  -9261286)"
65,"biomesoplenty:lush_swamp","Lush Swamp",0.70,"MEDIUM",1.00,"false","false","","DENSE, LUSH, SWAMP, WET","spawn","0x003F76E4 (   4159204)","0xFF6DC257 (  -9584041)","0xFF48B22C ( -12013012)"
66,"biomesoplenty:mangrove","Mangrove",0.85,"MEDIUM",0.30,"false","false","","DENSE, LUSH, SWAMP, WATER, WET","","0x00448FBD (   4493245)","0xFF9ABC57 (  -6636457)","0xFF81AA2D (  -8279507)"
67,"biomesoplenty:maple_woods","Maple Woods",0.25,"MEDIUM",0.80,"false","false","","COLD, CONIFEROUS, DENSE, FOREST","spawn, stronghold","0x003F76E4 (   4159204)","0xFF86B783 (  -7948413)","0xFF68A464 (  -9919388)"
68,"biomesoplenty:marsh","Marsh",0.60,"MEDIUM",0.80,"false","false","","LUSH, WET","","0x003F76E4 (   4159204)","0xFF7FBD64 (  -8405660)","0xFF5FAC3C ( -10507204)"
69,"biomesoplenty:meadow","Meadow",0.40,"MEDIUM",0.70,"false","false","","COLD, FOREST, LUSH, PLAINS, SPARSE, WET","spawn, village","0x003F76E4 (   4159204)","0xFF88B977 (  -7816841)","0xFF6AA755 (  -9787563)"
70,"biomesoplenty:moor","Moor",0.60,"MEDIUM",1.00,"false","false","","HILLS, SWAMP, WET","stronghold","0x003F76E4 (   4159204)","0xFF75BF61 (  -9060511)","0xFF53AE39 ( -11293127)"
71,"biomesoplenty:mountain","Mountain",0.50,"MEDIUM",0.10,"false","false","","DRY, FOREST, MOUNTAIN, SPARSE","stronghold","0x003F76E4 (   4159204)","0xFF9CB774 (  -6506636)","0xFF83A352 (  -8150190)"
72,"biomesoplenty:mystic_grove","Mystic Grove",0.70,"MEDIUM",0.80,"false","false","","DENSE, FOREST, LUSH, MAGICAL, RARE, WET","","0x009C3FE4 (  10239972)","0xFF79C05A (  -8798118)","0xFF59AE30 ( -10899920)"
73,"biomesoplenty:ominous_woods","Ominous Woods",0.60,"MEDIUM",0.60,"false","false","","DEAD, DENSE, FOREST, MAGICAL, RARE, SPOOKY, WET","stronghold","0x00312346 (   3220294)","0xFF88BB66 (  -7816346)","0xFF6BA940 (  -9721536)"
74,"biomesoplenty:orchard","Orchard",0.70,"MEDIUM",0.70,"false","false","","DENSE, FOREST, LUSH, PLAINS","spawn, village","0x003F76E4 (   4159204)","0xFF7FBF5C (  -8405156)","0xFF60AE33 ( -10441165)"
75,"biomesoplenty:outback","Outback",2.00,"WARM",0.05,"false","false","","DRY, HOT, SANDY, SAVANNA, SPARSE","spawn, stronghold, village","0x003F76E4 (   4159204)","0xFFB9B953 (  -4605613)","0xFFA7A529 (  -5790423)"
76,"biomesoplenty:overgrown_cliffs","Overgrown Cliffs",0.95,"MEDIUM",0.75,"false","false","","DENSE, HILLS, JUNGLE, LUSH, MOUNTAIN, WET","stronghold","0x003F76E4 (   4159204)","0xFF6AC640 (  -9779648)","0xFF45B611 ( -12208623)"
77,"biomesoplenty:prairie","Prairie",0.80,"MEDIUM",0.30,"false","false","","DRY, PLAINS, SPARSE","spawn, village","0x003F76E4 (   4159204)","0xFF99BB5B (  -6702245)","0xFF81A932 (  -8279758)"
78,"biomesoplenty:quagmire","Quagmire",0.60,"MEDIUM",0.90,"false","false","","DEAD, SWAMP, WASTELAND, WET","","0x00433721 (   4405025)","0xFF7ABE62 (  -8733086)","0xFF59AD3B ( -10900165)"
79,"biomesoplenty:rainforest","Rainforest",0.95,"MEDIUM",1.20,"false","false","","DENSE, FOREST, HILLS, JUNGLE, LUSH, WET","stronghold","0x003F76E4 (   4159204)","0xFF4ECB39 ( -11613383)","0xFF23BD07 ( -14435065)"
80,"biomesoplenty:redwood_forest","RedwoodForest",0.70,"MEDIUM",0.70,"false","false","","DENSE, FOREST","stronghold","0x003F76E4 (   4159204)","0xFF7FBF5C (  -8405156)","0xFF60AE33 ( -10441165)"
81,"biomesoplenty:sacred_springs","Sacred Springs",0.85,"MEDIUM",0.90,"false","false","","DENSE, FOREST, JUNGLE, LUSH, MAGICAL, RARE, WET","","0x003F76E4 (   4159204)","0xFF64C647 ( -10172857)","0xFF3EB61A ( -12667366)"
82,"biomesoplenty:seasonal_forest","Seasonal Forest",0.40,"MEDIUM",0.80,"false","false","","COLD, DENSE, FOREST","spawn, stronghold, village","0x003F76E4 (   4159204)","0xFF85B976 (  -8013450)","0xFF67A754 (  -9984172)"
83,"biomesoplenty:shield","Shield",0.40,"MEDIUM",0.80,"false","false","","COLD, DENSE, FOREST, WET","spawn","0x003F76E4 (   4159204)","0xFF85B976 (  -8013450)","0xFF67A754 (  -9984172)"
84,"biomesoplenty:shrubland","Shrubland",0.60,"MEDIUM",0.05,"false","false","","DRY, PLAINS, SPARSE","spawn, stronghold, village","0x003F76E4 (   4159204)","0xFFA4B76E (  -5982354)","0xFF8CA44A (  -7560118)"
85,"biomesoplenty:snowy_coniferous_forest","Snowy Coniferous Forest",-0.25,"COLD",0.50,"true","false","","COLD, CONIFEROUS, DENSE, FOREST, SNOWY","spawn, stronghold","0x003F76E4 (   4159204)","0xFF80B497 (  -8342377)","0xFF60A17B ( -10444421)"
86,"biomesoplenty:snowy_forest","Snowy Forest",-0.25,"COLD",0.50,"true","false","","COLD, FOREST, SNOWY, SPARSE, WET","spawn, stronghold","0x003F76E4 (   4159204)","0xFF80B497 (  -8342377)","0xFF60A17B ( -10444421)"
87,"biomesoplenty:steppe","Steppe",0.75,"MEDIUM",0.10,"false","false","","DRY, PLAINS, SANDY","stronghold, village","0x003F76E4 (   4159204)","0xFFA8B863 (  -5719965)","0xFF92A53C (  -7166660)"
88,"biomesoplenty:temperate_rainforest","Temperate Rainforest",0.75,"MEDIUM",1.20,"false","false","","DENSE, FOREST, LUSH, WET","spawn, stronghold","0x003F76E4 (   4159204)","0xFF67C450 (  -9976752)","0xFF41B524 ( -12471004)"
89,"biomesoplenty:tropical_rainforest","Tropical Rainforest",1.00,"WARM",1.00,"false","false","","DENSE, HOT, JUNGLE, LUSH, WET","stronghold","0x001FA14A (   2072906)","0xFF47CD33 ( -12071629)","0xFF1ABF00 ( -15024384)"
90,"biomesoplenty:tundra","Tundra",0.20,"MEDIUM",0.50,"false","false","","COLD, DEAD, SPARSE, WASTELAND, WET","","0x003F76E4 (   4159204)","0xFF88B688 (  -7817592)","0xFF6BA36A (  -9723030)"
91,"biomesoplenty:wasteland","Wasteland",2.00,"WARM",0.00,"false","false","","DEAD, DRY, SPARSE, WASTELAND","stronghold","0x00221200 (   2232832)","0xFFBFB755 (  -4212907)","0xFFAEA42A (  -5331926)"
92,"biomesoplenty:wetland","Wetland",0.60,"MEDIUM",0.70,"false","false","","DENSE, FOREST, LUSH, SWAMP, WET","spawn","0x00272179 (   2564473)","0xFF83BD65 (  -8143515)","0xFF65AB3E ( -10114242)"
93,"biomesoplenty:woodland","Woodland",0.70,"MEDIUM",0.50,"false","false","","DENSE, DRY, FOREST","spawn, village","0x003F76E4 (   4159204)","0xFF8CBD5F (  -7553697)","0xFF70AB38 (  -9393352)"
94,"biomesoplenty:xeric_shrubland","Xeric Shrubland",1.75,"WARM",0.10,"false","false","","DRY, HOT, LUSH, SANDY, SAVANNA, SPARSE","village","0x003F76E4 (   4159204)","0xFFB2B952 (  -5064366)","0xFF9FA726 (  -6314202)"
95,"biomesoplenty:alps_foothills","AlpsFoothills",-0.25,"COLD",0.30,"true","false","","COLD, DRY, FOREST, MOUNTAIN, SNOWY, SPARSE","stronghold","0x003F76E4 (   4159204)","0xFF80B497 (  -8342377)","0xFF60A17B ( -10444421)"
96,"biomesoplenty:mountain_foothills","MountainFoothills",0.50,"MEDIUM",0.10,"false","false","","DRY, FOREST, HILLS, MOUNTAIN, SPARSE","stronghold, village","0x003F76E4 (   4159204)","0xFF9CB774 (  -6506636)","0xFF83A352 (  -8150190)"
97,"biomesoplenty:redwood_forest_edge","RedwoodForestEdge",0.70,"MEDIUM",0.70,"false","false","","DENSE, FOREST","stronghold","0x003F76E4 (   4159204)","0xFF7FBF5C (  -8405156)","0xFF60AE33 ( -10441165)"
98,"biomesoplenty:pasture","Pasture",0.80,"MEDIUM",0.30,"false","false","","DRY, PLAINS, SPARSE","spawn","0x003F76E4 (   4159204)","0xFF99BB5B (  -6702245)","0xFF81A932 (  -8279758)"
99,"biomesoplenty:glacier","Glacier",-0.50,"COLD",0.20,"false","false","","COLD, SNOWY, WASTELAND","stronghold","0x003F76E4 (   4159204)","0xFF80B497 (  -8342377)","0xFF60A17B ( -10444421)"
100,"biomesoplenty:oasis","Oasis",2.00,"WARM",0.50,"false","false","","HOT, JUNGLE, LUSH, SANDY, SPARSE, WET","","0x003F76E4 (   4159204)","0xFF82C245 (  -8207803)","0xFF64B216 ( -10178026)"
101,"biomesoplenty:snowy_tundra","SnowyTundra",0.00,"COLD",0.50,"false","false","","COLD, DEAD, SNOWY, SPARSE, WASTELAND, WET","","0x003F76E4 (   4159204)","0xFF80B497 (  -8342377)","0xFF60A17B ( -10444421)"
102,"biomesoplenty:coral_reef","Coral Reef",0.50,"MEDIUM",0.50,"false","false","","OCEAN, WATER","","0x003F76E4 (   4159204)","0xFF8EB971 (  -7423631)","0xFF71A74D (  -9328819)"
103,"biomesoplenty:kelp_forest","Kelp Forest",0.50,"MEDIUM",0.50,"false","false","","OCEAN, WATER","","0x003F76E4 (   4159204)","0xFF8EB971 (  -7423631)","0xFF71A74D (  -9328819)"
104,"biomesoplenty:origin_island","Origin Island",0.60,"MEDIUM",0.60,"false","false","","FOREST, RARE, WATER","spawn","0x003F76E4 (   4159204)","0xFF88BB66 (  -7816346)","0xFF6BA940 (  -9721536)"
105,"biomesoplenty:tropical_island","Tropical Island",0.95,"MEDIUM",1.00,"false","false","","DENSE, JUNGLE, LUSH, WATER, WET","spawn","0x003F76E4 (   4159204)","0xFF4ECB39 ( -11613383)","0xFF23BD07 ( -14435065)"
106,"biomesoplenty:volcanic_island","Volcanic Island",1.20,"WARM",0.20,"false","false","","DEAD, DRY, HOT, MOUNTAIN, WASTELAND, WATER","stronghold","0x003F76E4 (   4159204)","0xFFA6BB4E (  -5850290)","0xFF91A922 (  -7231198)"
107,"biomesoplenty:flower_island","Flower Island",0.80,"MEDIUM",0.80,"false","false","","DENSE, LUSH, MAGICAL, PLAINS, WATER","stronghold","0x003F76E4 (   4159204)","0xFF72C250 (  -9256368)","0xFF4EB224 ( -11619804)"
108,"biomesoplenty:corrupted_sands","Corrupted Sands",2.00,"WARM",0.00,"false","false","","DENSE, DRY, HOT, NETHER, SANDY","stronghold","0x003F76E4 (   4159204)","0xFFBFB755 (  -4212907)","0xFFAEA42A (  -5331926)"
109,"biomesoplenty:fungi_forest","Fungi Forest",2.00,"WARM",0.00,"false","false","","DENSE, HOT, MUSHROOM, NETHER","stronghold","0x003F76E4 (   4159204)","0xFFBFB755 (  -4212907)","0xFFAEA42A (  -5331926)"
110,"biomesoplenty:phantasmagoric_inferno","Phantasmagoric Inferno",2.00,"WARM",0.00,"false","false","","DRY, HOT, MAGICAL, NETHER, SPOOKY, WASTELAND","stronghold","0x003F76E4 (   4159204)","0xFFBFB755 (  -4212907)","0xFFAEA42A (  -5331926)"
111,"biomesoplenty:undergarden","Undergarden",2.00,"WARM",0.00,"false","false","","HOT, LUSH, NETHER","stronghold","0x003F76E4 (   4159204)","0xFFBFB755 (  -4212907)","0xFFAEA42A (  -5331926)"
112,"biomesoplenty:visceral_heap","Visceral Heap",2.00,"WARM",0.00,"false","false","","HOT, NETHER, WET","stronghold","0x003F76E4 (   4159204)","0xFFBFB755 (  -4212907)","0xFFAEA42A (  -5331926)"
113,"pvj:prairie","Prairie",0.80,"MEDIUM",0.25,"false","false","WARM","PLAINS","spawn, stronghold, village","0x003F76E4 (   4159204)","0xFF9EBB5C (  -6374564)","0xFF86A933 (  -7952077)"
114,"pvj:redwoods","Redwoods",0.45,"MEDIUM",0.60,"false","false","COOL","CONIFEROUS, FOREST","spawn, stronghold","0x003F76E4 (   4159204)","0xFF8AB973 (  -7685773)","0xFF6DA751 (  -9590959)"
115,"pvj:redwood_peaks","Redwood Peaks",0.45,"MEDIUM",0.55,"false","false","COOL","CONIFEROUS, FOREST, MOUNTAIN","spawn, stronghold","0x003F76E4 (   4159204)","0xFF8CB974 (  -7554700)","0xFF6FA751 (  -9459887)"
116,"pvj:willow_swamp","Willow Swamp",0.80,"MEDIUM",0.90,"false","false","WARM","LUSH, SWAMP, WET","spawn","0x00253BA6 (   2440102)","0xFF6AC44E (  -9780146)","0xFF45B421 ( -12209119)"
117,"pvj:boreal_forest","Boreal Forest",0.25,"MEDIUM",0.80,"false","false","COOL","COLD, CONIFEROUS, FOREST","spawn, stronghold","0x003F76E4 (   4159204)","0xFF86B783 (  -7948413)","0xFF68A464 (  -9919388)"
118,"pvj:snowy_boreal_forest","Snowy Boreal Forest",-0.50,"COLD",0.40,"true","false","ICY","COLD, CONIFEROUS, FOREST, SNOWY","spawn, stronghold","0x003F76E4 (   4159204)","0xFF80B497 (  -8342377)","0xFF60A17B ( -10444421)"
119,"pvj:aspen_grove","Aspen Grove",0.70,"MEDIUM",0.80,"false","false","COOL","FOREST","spawn, stronghold","0x003F76E4 (   4159204)","0xFF79C05A (  -8798118)","0xFF59AE30 ( -10899920)"
120,"pvj:overgrown_spires","Overgrown Spires",0.95,"MEDIUM",0.90,"false","false","WARM","FOREST, JUNGLE","spawn, stronghold","0x003F76E4 (   4159204)","0xFF59C93C ( -10892996)","0xFF30BB0B ( -13583605)"
121,"pvj:blossoming_fields","Blossoming Fields",0.50,"MEDIUM",0.55,"false","false","COOL","FOREST","spawn, stronghold, village","0x003F76E4 (   4159204)","0xFF8CBA70 (  -7554448)","0xFF6FA74C (  -9459892)"
122,"ancientspellcraft:pocket","pocket",0.20,"MEDIUM",0.50,"false","false","","MAGICAL","stronghold","0x00003BF4 (     15348)","0xFF88B688 (  -7817592)","0xFF6BA36A (  -9723030)"
123,"nether_api:betternether_netherbiome","Empty Nether",2.00,"WARM",0.00,"false","false","","DRY, HOT, NETHER","stronghold","0x003F76E4 (   4159204)","0xFFBFB755 (  -4212907)","0xFFAEA42A (  -5331926)"
124,"nether_api:betternether_netherbiomegraveldesert","Gravel Desert",2.00,"WARM",0.00,"false","false","","DRY, HOT, NETHER","stronghold","0x003F76E4 (   4159204)","0xFFBFB755 (  -4212907)","0xFFAEA42A (  -5331926)"
125,"nether_api:betternether_netherbiomejungle","Nether Jungle",2.00,"WARM",0.00,"false","false","","DRY, HOT, NETHER","stronghold","0x003F76E4 (   4159204)","0xFFBFB755 (  -4212907)","0xFFAEA42A (  -5331926)"
126,"nether_api:betternether_netherwartforest","Wart Forest",2.00,"WARM",0.00,"false","false","","DRY, HOT, NETHER","stronghold","0x003F76E4 (   4159204)","0xFFBFB755 (  -4212907)","0xFFAEA42A (  -5331926)"
127,"minecraft:void","The Void",0.50,"MEDIUM",0.50,"false","false","","VOID","stronghold","0x003F76E4 (   4159204)","0xFF8EB971 (  -7423631)","0xFF71A74D (  -9328819)"
128,"nether_api:betternether_nethergrasslands","Nether Grasslands",2.00,"WARM",0.00,"false","false","","DRY, HOT, NETHER","stronghold","0x003F76E4 (   4159204)","0xFFBFB755 (  -4212907)","0xFFAEA42A (  -5331926)"
129,"minecraft:mutated_plains","Sunflower Plains",0.80,"MEDIUM",0.40,"false","false","","PLAINS, RARE","stronghold","0x003F76E4 (   4159204)","0xFF91BD59 (  -7226023)","0xFF77AB2F (  -8934609)"
130,"minecraft:mutated_desert","Desert M",2.00,"WARM",0.00,"false","false","","DRY, HOT, RARE, SANDY","stronghold","0x003F76E4 (   4159204)","0xFFBFB755 (  -4212907)","0xFFAEA42A (  -5331926)"
131,"minecraft:mutated_extreme_hills","Extreme Hills M",0.24,"MEDIUM",0.30,"false","false","","MOUNTAIN, RARE, SPARSE","stronghold","0x003F76E4 (   4159204)","0xFF8CB685 (  -7555451)","0xFF6FA367 (  -9460889)"
132,"minecraft:mutated_forest","Flower Forest",0.70,"MEDIUM",0.80,"false","false","","FOREST, HILLS, RARE","stronghold, village","0x003F76E4 (   4159204)","0xFF79C05A (  -8798118)","0xFF59AE30 ( -10899920)"
133,"minecraft:mutated_taiga","Taiga M",0.25,"MEDIUM",0.80,"false","false","","COLD, CONIFEROUS, FOREST, MOUNTAIN, RARE","stronghold","0x003F76E4 (   4159204)","0xFF86B783 (  -7948413)","0xFF68A464 (  -9919388)"
134,"minecraft:mutated_swampland","Swampland M",0.80,"MEDIUM",0.90,"false","false","","HILLS, RARE, SWAMP, WET","","0x00617B64 (   6388580)","0xFF6AC44E (  -9780146)","0xFF45B421 ( -12209119)"
135,"nether_api:betternether_nethermushroomforest","Nether Mushroom Forest",2.00,"WARM",0.00,"false","false","","DRY, HOT, NETHER","stronghold","0x003F76E4 (   4159204)","0xFFBFB755 (  -4212907)","0xFFAEA42A (  -5331926)"
136,"nether_api:betternether_nethermushroomforestedge","Nether Mushroom Forest Edge",2.00,"WARM",0.00,"false","false","","DRY, HOT, NETHER","stronghold","0x003F76E4 (   4159204)","0xFFBFB755 (  -4212907)","0xFFAEA42A (  -5331926)"
137,"nether_api:betternether_netherwartforestedge","Nether Wart Forest Edge",2.00,"WARM",0.00,"false","false","","DRY, HOT, NETHER","stronghold","0x003F76E4 (   4159204)","0xFFBFB755 (  -4212907)","0xFFAEA42A (  -5331926)"
138,"nether_api:betternether_netherbonereef","Bone Reef",2.00,"WARM",0.00,"false","false","","DRY, HOT, NETHER","stronghold","0x003F76E4 (   4159204)","0xFFBFB755 (  -4212907)","0xFFAEA42A (  -5331926)"
139,"nether_api:betternether_netherpoorgrasslands","Poor Nether Grasslands",2.00,"WARM",0.00,"false","false","","DRY, HOT, NETHER","stronghold","0x003F76E4 (   4159204)","0xFFBFB755 (  -4212907)","0xFFAEA42A (  -5331926)"
140,"minecraft:mutated_ice_flats","Ice Plains Spikes",0.00,"COLD",0.50,"true","false","","COLD, HILLS, RARE, SNOWY","stronghold","0x003F76E4 (   4159204)","0xFF80B497 (  -8342377)","0xFF60A17B ( -10444421)"
141,"betterendforge:megalake","Megalake",0.50,"MEDIUM",0.00,"false","false","","COLD, DRY, END","stronghold","0x001025F4 (   1058292)","0xFFA0B676 (  -6244746)","0xFF87A353 (  -7888045)"
142,"betterendforge:crystal_mountains","Crystal Mountains",0.50,"MEDIUM",0.00,"false","false","","COLD, DRY, END","stronghold","0x000A1BDA (    662490)","0xFFA0B676 (  -6244746)","0xFF87A353 (  -7888045)"
143,"betterendforge:foggy_mushroomland","Foggy Mushroomland",0.50,"MEDIUM",0.00,"false","false","","COLD, DRY, END","stronghold","0x001434EF (   1324271)","0xFFA0B676 (  -6244746)","0xFF87A353 (  -7888045)"
144,"betterendforge:dust_wastelands","Dust Wastelands",0.50,"MEDIUM",0.00,"false","false","","COLD, DRY, END","stronghold","0x0020297D (   2107773)","0xFFA0B676 (  -6244746)","0xFF87A353 (  -7888045)"
145,"betterendforge:chorus_forest","Chorus Forest",0.50,"MEDIUM",0.00,"false","false","","COLD, DRY, END","stronghold","0x000C0645 (    788037)","0xFFA0B676 (  -6244746)","0xFF87A353 (  -7888045)"
146,"betterendforge:shadow_forest","Shadow Forest",0.50,"MEDIUM",0.00,"false","false","","COLD, DRY, END","stronghold","0x00070A4C (    461388)","0xFFA0B676 (  -6244746)","0xFF87A353 (  -7888045)"
147,"betterendforge:blossoming_spires","Blossoming Spires",0.50,"MEDIUM",0.00,"false","false","","COLD, DRY, END","stronghold","0x000A1BDA (    662490)","0xFFA0B676 (  -6244746)","0xFF87A353 (  -7888045)"
148,"betterendforge:sulphur_springs","Sulphur Springs",0.50,"MEDIUM",0.00,"false","false","","COLD, DRY, END","stronghold","0x0024242D (   2368557)","0xFFA0B676 (  -6244746)","0xFF87A353 (  -7888045)"
149,"minecraft:mutated_jungle","Jungle M",0.95,"MEDIUM",0.90,"false","false","","DENSE, HOT, JUNGLE, MOUNTAIN, RARE, WET","stronghold","0x003F76E4 (   4159204)","0xFF59C93C ( -10892996)","0xFF30BB0B ( -13583605)"
150,"betterendforge:amber_land","Amber Land",0.50,"MEDIUM",0.00,"false","false","","COLD, DRY, END","stronghold","0x000A1BDA (    662490)","0xFFA0B676 (  -6244746)","0xFF87A353 (  -7888045)"
151,"minecraft:mutated_jungle_edge","JungleEdge M",0.95,"MEDIUM",0.80,"false","false","","HILLS, HOT, JUNGLE, RARE, SPARSE","stronghold","0x003F76E4 (   4159204)","0xFF64C73F ( -10172609)","0xFF3EB80F ( -12666865)"
152,"betterendforge:umbrella_jungle","Umbrella Jungle",0.50,"MEDIUM",0.00,"false","false","","COLD, DRY, END","stronghold","0x00142DF2 (   1322482)","0xFFA0B676 (  -6244746)","0xFF87A353 (  -7888045)"
153,"betterendforge:glowing_grasslands","Glowing Grasslands",0.50,"MEDIUM",0.00,"false","false","","COLD, DRY, END","stronghold","0x000F39DC (    997852)","0xFFA0B676 (  -6244746)","0xFF87A353 (  -7888045)"
154,"betterendforge:dragon_graveyards","Dragon Graveyards",0.50,"MEDIUM",0.00,"false","false","","COLD, DRY, END","stronghold","0x000A1BDA (    662490)","0xFFA0B676 (  -6244746)","0xFF87A353 (  -7888045)"
155,"minecraft:mutated_birch_forest","Birch Forest M",0.60,"MEDIUM",0.60,"false","false","","DENSE, FOREST, HILLS, RARE, SUPER_BIRCH_TREES, THEMED_TREES","stronghold","0x003F76E4 (   4159204)","0xFF88BB66 (  -7816346)","0xFF6BA940 (  -9721536)"
156,"minecraft:mutated_birch_forest_hills","Birch Forest Hills M",0.60,"MEDIUM",0.60,"false","false","","DENSE, FOREST, MOUNTAIN, RARE, SUPER_BIRCH_TREES, THEMED_TREES","stronghold","0x003F76E4 (   4159204)","0xFF88BB66 (  -7816346)","0xFF6BA940 (  -9721536)"
157,"minecraft:mutated_roofed_forest","Roofed Forest M",0.70,"MEDIUM",0.80,"false","false","","DENSE, FOREST, MOUNTAIN, RARE, SPOOKY","stronghold","0x003F76E4 (   4159204)","0xFF79C05A (  -8798118)","0xFF59AE30 ( -10899920)"
158,"minecraft:mutated_taiga_cold","Cold Taiga M",-0.50,"COLD",0.40,"true","false","","COLD, CONIFEROUS, FOREST, MOUNTAIN, RARE, SNOWY","stronghold","0x003D57D6 (   4020182)","0xFF80B497 (  -8342377)","0xFF60A17B ( -10444421)"
159,"betterendforge:lantern_woods","Lantern Woods",0.50,"MEDIUM",0.00,"false","false","","COLD, DRY, END","stronghold","0x001C36D8 (   1849048)","0xFFA0B676 (  -6244746)","0xFF87A353 (  -7888045)"
160,"minecraft:mutated_redwood_taiga","Mega Spruce Taiga",0.25,"MEDIUM",0.80,"false","false","","DENSE, FOREST, MEGA_TAIGA_SPRUCE_TREES, RARE, THEMED_TREES","stronghold","0x003F76E4 (   4159204)","0xFF86B783 (  -7948413)","0xFF68A464 (  -9919388)"
161,"minecraft:mutated_redwood_taiga_hills","Redwood Taiga Hills M",0.25,"MEDIUM",0.80,"false","false","","DENSE, FOREST, HILLS, MEGA_TAIGA_SPRUCE_TREES, RARE, THEMED_TREES","stronghold","0x003F76E4 (   4159204)","0xFF86B783 (  -7948413)","0xFF68A464 (  -9919388)"
162,"minecraft:mutated_extreme_hills_with_trees","Extreme Hills+ M",0.24,"MEDIUM",0.30,"false","false","","MOUNTAIN, RARE, SPARSE","stronghold","0x003F76E4 (   4159204)","0xFF8CB685 (  -7555451)","0xFF6FA367 (  -9460889)"
163,"minecraft:mutated_savanna","Savanna M",1.10,"WARM",0.00,"false","false","","DRY, HOT, MOUNTAIN, RARE, SAVANNA, SPARSE","stronghold","0x003F76E4 (   4159204)","0xFFBFB755 (  -4212907)","0xFFAEA42A (  -5331926)"
164,"minecraft:mutated_savanna_rock","Savanna Plateau M",1.00,"WARM",0.00,"false","false","","DRY, HILLS, HOT, RARE, SAVANNA, SPARSE","stronghold","0x003F76E4 (   4159204)","0xFFBFB755 (  -4212907)","0xFFAEA42A (  -5331926)"
165,"minecraft:mutated_mesa","Mesa (Bryce)",2.00,"WARM",0.00,"false","false","","DRY, HOT, MOUNTAIN, RARE, SPARSE","stronghold","0x003F76E4 (   4159204)","0xFFBFB755 (  -4212907)","0xFFAEA42A (  -5331926)"
166,"minecraft:mutated_mesa_rock","Mesa Plateau F M",2.00,"WARM",0.00,"false","false","","DRY, HILLS, HOT, RARE, SPARSE","stronghold","0x003F76E4 (   4159204)","0xFFBFB755 (  -4212907)","0xFFAEA42A (  -5331926)"
167,"minecraft:mutated_mesa_clear_rock","Mesa Plateau M",2.00,"WARM",0.00,"false","false","","DRY, HOT, MOUNTAIN, RARE, SPARSE","stronghold","0x003F76E4 (   4159204)","0xFFBFB755 (  -4212907)","0xFFAEA42A (  -5331926)"
168,"betterendforge:dry_shrubland","Dry Shrubland",0.50,"MEDIUM",0.00,"false","false","","COLD, DRY, END","stronghold","0x00131432 (   1250354)","0xFFA0B676 (  -6244746)","0xFF87A353 (  -7888045)"
169,"betterendforge:umbra_valley","Umbra Valley",0.50,"MEDIUM",0.00,"false","false","","COLD, DRY, END","stronghold","0x000A1BDA (    662490)","0xFFA0B676 (  -6244746)","0xFF87A353 (  -7888045)"
170,"betterendforge:ice_starfield","Ice Starfield",0.50,"MEDIUM",0.00,"false","false","","COLD, DRY, END","stronghold","0x000A1BDA (    662490)","0xFFA0B676 (  -6244746)","0xFF87A353 (  -7888045)"
171,"betterendforge:empty_end_cave","Empty End Cave",0.50,"MEDIUM",0.00,"false","false","","COLD, DRY, END","stronghold","0x000A1BDA (    662490)","0xFFA0B676 (  -6244746)","0xFF87A353 (  -7888045)"
172,"betterendforge:empty_smaragdant_cave","Empty Smaragdant Cave",0.50,"MEDIUM",0.00,"false","false","","COLD, DRY, END","stronghold","0x000526CA (    337610)","0xFFA0B676 (  -6244746)","0xFF87A353 (  -7888045)"
173,"betterendforge:lush_smaragdant_cave","Lush Smaragdant Cave",0.50,"MEDIUM",0.00,"false","false","","COLD, DRY, END","stronghold","0x000526CA (    337610)","0xFFA0B676 (  -6244746)","0xFF87A353 (  -7888045)"
174,"betterendforge:empty_aurora_cave","Empty Aurora Cave",0.50,"MEDIUM",0.00,"false","false","","COLD, DRY, END","stronghold","0x001F11E2 (   2036194)","0xFFA0B676 (  -6244746)","0xFF87A353 (  -7888045)"
175,"betterendforge:lush_aurora_cave","Lush Aurora Cave",0.50,"MEDIUM",0.00,"false","false","","COLD, DRY, END","stronghold","0x001F11E2 (   2036194)","0xFFA0B676 (  -6244746)","0xFF87A353 (  -7888045)"
176,"betterendforge:end_cave","End Cave",0.50,"MEDIUM",0.00,"false","false","","COLD, DRY, END","stronghold","0x000A1BDA (    662490)","0xFFA0B676 (  -6244746)","0xFF87A353 (  -7888045)"
177,"betterendforge:jade_cave","Jade Cave",0.50,"MEDIUM",0.00,"false","false","","COLD, DRY, END","stronghold","0x000A1BDA (    662490)","0xFFA0B676 (  -6244746)","0xFF87A353 (  -7888045)"
178,"betterendforge:megalake_grove","Megalake Grove",0.50,"MEDIUM",0.00,"false","false","","COLD, DRY, END","stronghold","0x001025F4 (   1058292)","0xFFA0B676 (  -6244746)","0xFF87A353 (  -7888045)"
179,"betterendforge:painted_mountains","Painted Mountains",0.50,"MEDIUM",0.00,"false","false","","COLD, DRY, END","stronghold","0x0020297D (   2107773)","0xFFA0B676 (  -6244746)","0xFF87A353 (  -7888045)"
180,"betterendforge:neon_oasis","Neon Oasis",0.50,"MEDIUM",0.00,"false","false","","COLD, DRY, END","stronghold","0x001137CD (   1128397)","0xFFA0B676 (  -6244746)","0xFF87A353 (  -7888045)"
181,"iceandfire:glacier","Glacier",0.00,"COLD",0.50,"true","false","COOL","COLD, DEAD, SNOWY, SPARSE, WASTELAND","spawn, stronghold","0x003F76E4 (   4159204)","0xFF80B497 (  -8342377)","0xFF60A17B ( -10444421)"
182,"defiledlands:desert_defiled","Defiled Desert",2.00,"WARM",0.00,"false","false","DESERT","DRY, HOT, SANDY, SPOOKY","stronghold","0x006B5B68 (   7035752)","0xFFBFB755 (  -4212907)","0xFFAEA42A (  -5331926)"
183,"defiledlands:plains_defiled","Defiled Plains",0.80,"MEDIUM",0.40,"false","false","WARM","PLAINS, SPOOKY","stronghold","0x006B5B68 (   7035752)","0xFF91BD59 (  -7226023)","0xFF77AB2F (  -8934609)"
184,"defiledlands:forest_tenebra","Tenebra Forest",0.70,"MEDIUM",0.80,"false","false","WARM","FOREST, SPOOKY","stronghold","0x006B5B68 (   7035752)","0xFF79C05A (  -8798118)","0xFF59AE30 ( -10899920)"
185,"defiledlands:forest_vilespine","Vilespine Forest",0.70,"MEDIUM",0.80,"false","false","WARM","FOREST, SPOOKY","stronghold","0x006B5B68 (   7035752)","0xFF79C05A (  -8798118)","0xFF59AE30 ( -10899920)"
186,"defiledlands:hills_defiled","Defiled Hills",0.20,"MEDIUM",0.30,"false","false","COOL","HILLS, MOUNTAIN, SPOOKY","stronghold","0x006B5B68 (   7035752)","0xFF8AB689 (  -7686519)","0xFF6DA36B (  -9591957)"
187,"defiledlands:swamp_defiled","Defiled Swamp",0.80,"MEDIUM",0.90,"false","false","WARM","SPOOKY, SWAMP, WET","","0x006B5B68 (   7035752)","0xFF6AC44E (  -9780146)","0xFF45B421 ( -12209119)"
188,"defiledlands:ice_plains_defiled","Defiled Ice Plains",0.00,"COLD",0.50,"false","false","ICY","COLD, SNOWY, SPOOKY, WASTELAND","stronghold","0x006B5B68 (   7035752)","0xFF80B497 (  -8342377)","0xFF60A17B ( -10444421)"
189,"environs:emerald_cliffs","Emerald Cliffs",0.40,"MEDIUM",0.50,"false","false","COOL","CONIFEROUS, MOUNTAIN","spawn, stronghold","0x003F76E4 (   4159204)","0xFF8DB878 (  -7489416)","0xFF71A556 (  -9329322)"
190,"environs:pine_taiga","Pine Taiga",0.25,"MEDIUM",0.80,"false","false","COOL","CONIFEROUS","spawn, stronghold, village","0x003F76E4 (   4159204)","0xFF86B783 (  -7948413)","0xFF68A464 (  -9919388)"
191,"environs:pine_taiga_m","Pine Taiga M",0.25,"MEDIUM",0.80,"false","false","COOL","CONIFEROUS","spawn, stronghold, village","0x003F76E4 (   4159204)","0xFF86B783 (  -7948413)","0xFF68A464 (  -9919388)"
192,"environs:end_forest","End Forest",0.70,"MEDIUM",0.50,"false","false","COOL","END, FOREST, MAGICAL","spawn, stronghold","0x00203980 (   2111872)","0xFF8CBD5F (  -7553697)","0xFF70AB38 (  -9393352)"
193,"environs:floating_end_forest","End Forest M",0.70,"MEDIUM",0.50,"false","false","COOL","END, FOREST, MAGICAL","spawn, stronghold","0x00203980 (   2111872)","0xFF8CBD5F (  -7553697)","0xFF70AB38 (  -9393352)"
194,"environs:silk_wetland","Silk Wetland",0.50,"MEDIUM",0.50,"false","false","WARM","MAGICAL, SWAMP","spawn, stronghold","0x002B322F (   2830895)","0xFF8EB971 (  -7423631)","0xFF71A74D (  -9328819)"
195,"environs:stone_basin","Stone Basin",0.50,"MEDIUM",0.50,"false","false","WARM","PLAINS, WASTELAND","spawn, stronghold, village","0x003F76E4 (   4159204)","0xFF8EB971 (  -7423631)","0xFF71A74D (  -9328819)"
196,"environs:stone_hills","Stone Hills",0.50,"MEDIUM",0.50,"false","false","WARM","PLAINS, WASTELAND","spawn, stronghold, village","0x003F76E4 (   4159204)","0xFF8EB971 (  -7423631)","0xFF71A74D (  -9328819)"
197,"environs:tall_oak_forest","Tall Oak Forest",0.70,"MEDIUM",0.80,"false","false","WARM","FOREST","spawn, stronghold","0x003F76E4 (   4159204)","0xFF79C05A (  -8798118)","0xFF59AE30 ( -10899920)"
198,"environs:tall_oak_forest_m","Tall Oak Forest M",0.70,"MEDIUM",0.80,"false","false","WARM","FOREST","spawn, stronghold","0x003F76E4 (   4159204)","0xFF79C05A (  -8798118)","0xFF59AE30 ( -10899920)"
199,"environs:tall_oak_wetland","Tall Oak Wetland",0.80,"MEDIUM",0.90,"false","false","WARM","SWAMP","spawn, stronghold","0x00253BA6 (   2440102)","0xFF6AC44E (  -9780146)","0x006A7039 (   6975545)"
200,"environs:roofed_swamp","Roofed Swamp",0.80,"MEDIUM",0.90,"false","false","WARM","SWAMP","spawn, stronghold","0x001D2100 (   1908992)","0xFF6AC44E (  -9780146)","0xFF45B421 ( -12209119)"
201,"environs:mushroom_rainforest","Mushroom Rainforest",0.50,"MEDIUM",0.50,"false","false","WARM","FOREST, LUSH","spawn, stronghold","0x00003B2C (     15148)","0xFF8EB971 (  -7423631)","0xFF71A74D (  -9328819)"
202,"environs:overgrown_plains","Overgrown Plains",0.95,"MEDIUM",0.50,"false","false","WARM","LUSH, PLAINS","spawn, stronghold, village","0x003F76E4 (   4159204)","0xFF85C149 (  -8011447)","0xFF66B11B ( -10047205)"
203,"environs:kakadu","Kakadu",0.80,"MEDIUM",0.80,"false","false","WARM","JUNGLE, LUSH, PLAINS","spawn, stronghold, village","0x003F76E4 (   4159204)","0xFF72C250 (  -9256368)","0xFF4EB224 ( -11619804)"
204,"environs:lush_forest","Lush Forest",0.95,"MEDIUM",0.95,"false","false","WARM","DENSE, FOREST, JUNGLE, WET","spawn, stronghold","0x003F76E4 (   4159204)","0xFF53CA3A ( -11285958)","0xFF29BB09 ( -14042359)"
205,"environs:wasteland_spikes","Wasteland Spikes",2.00,"WARM",0.00,"false","false","DESERT","DEAD","spawn, stronghold, village","0x002B322F (   2830895)","0x008C7663 (   9205347)","0x008C7663 (   9205347)"
206,"environs:wasteland_eroded","Eroded Wasteland",2.00,"WARM",0.00,"false","false","DESERT","DEAD","spawn, stronghold, village","0x002B322F (   2830895)","0x008C7663 (   9205347)","0x008C7663 (   9205347)"
207,"environs:dry_oak_forest","Dry Oak Forest",2.00,"WARM",0.00,"false","false","DESERT","DEAD, FOREST","spawn, stronghold","0x002B322F (   2830895)","0x008C7663 (   9205347)","0x008C7663 (   9205347)"
208,"environs:dry_oak_forest_m","Dry Oak Forest M",2.00,"WARM",0.00,"false","false","DESERT","DEAD, FOREST","spawn, stronghold","0x002B322F (   2830895)","0x008C7663 (   9205347)","0x008C7663 (   9205347)"
209,"environs:sandstone_ranges","Sandstone Ranges",0.80,"MEDIUM",0.50,"false","false","DESERT","DRY, SANDY","spawn, stronghold, village","0x003F76E4 (   4159204)","0xFF8ABF57 (  -7684265)","0xFF6DAE2C (  -9589204)"
210,"environs:canyon","Canyon",1.00,"WARM",0.30,"false","false","DESERT","DRY","spawn, stronghold","0x003F76E4 (   4159204)","0x00A9BA64 (  11123300)","0x00A9BA64 (  11123300)"
211,"environs:icy_hills","Icy Hills",-0.50,"COLD",0.50,"true","false","ICY","COLD, CONIFEROUS","spawn, stronghold, village","0x003F76E4 (   4159204)","0xFF80B497 (  -8342377)","0xFF60A17B ( -10444421)"
212,"environs:cold_pine_taiga","Cold Pine Taiga",-0.50,"COLD",0.40,"true","false","ICY","COLD, CONIFEROUS","spawn, stronghold","0x003F76E4 (   4159204)","0xFF80B497 (  -8342377)","0xFF60A17B ( -10444421)"
213,"environs:cold_pine_taiga_m","Cold Pine Taiga M",-0.50,"COLD",0.40,"true","false","ICY","COLD, CONIFEROUS","spawn, stronghold","0x003F76E4 (   4159204)","0xFF80B497 (  -8342377)","0xFF60A17B ( -10444421)"
214,"nt:aegean_archipelago","Aegean Archipelago",0.50,"WARM",0.30,"false","false","WARM","OCEAN, WATER","spawn, stronghold","0x00002AF4 (     10996)","0xFF95B872 (  -6965134)","0xFF7AA54F (  -8739505)"
215,"nt:alium_meadow","Alium Meadow",0.80,"MEDIUM",0.40,"false","false","WARM","MAGICAL, PLAINS, RARE","spawn, stronghold, village","0x003F76E4 (   4159204)","0x00A0CA5F (  10537567)","0x00A0CA5F (  10537567)"
216,"nt:autumn_forest","Autumn Forest",0.70,"MEDIUM",0.80,"false","false","WARM","FOREST","spawn, stronghold, village","0x003F76E4 (   4159204)","0x008A9B37 (   9083703)","0x00ABA144 (  11247940)"
217,"nt:autumn_forest_hills","Autumn Forest Hills",0.70,"MEDIUM",0.80,"false","false","WARM","FOREST","spawn, stronghold","0x003F76E4 (   4159204)","0x008A9B37 (   9083703)","0x00ABA144 (  11247940)"
218,"nt:birch_hills","Birch Hills",0.80,"MEDIUM",0.40,"false","false","WARM","HILLS","spawn, stronghold, village","0x003F76E4 (   4159204)","0x0085C15B (   8765787)","0x0083BF4F (   8634191)"
219,"nt:blossom_forest","Blossom Forest",0.70,"MEDIUM",0.80,"false","false","WARM","FOREST, MAGICAL","spawn, stronghold, village","0x001028D7 (   1059031)","0x006AD04A (   7000138)","0x00629D30 (   6462768)"
220,"nt:blossom_forest_hills","Blossom Forest Hills",0.70,"MEDIUM",0.80,"false","false","WARM","FOREST, MAGICAL","spawn, stronghold","0x001028D7 (   1059031)","0x006AD04A (   7000138)","0x00629D30 (   6462768)"
221,"nt:estuary","Estuary",0.80,"MEDIUM",0.90,"false","false","WARM","RIVER, SWAMP, WATER","spawn, stronghold","0x003F76E4 (   4159204)","0x0092B25C (   9613916)","0x00629D30 (   6462768)"
222,"nt:fen","Fen",0.80,"MEDIUM",0.90,"false","false","WARM","SWAMP, WET","spawn, stronghold","0x00253BA6 (   2440102)","0x0063A154 (   6529364)","0x0063A154 (   6529364)"
223,"nt:fungal_jungle","Fungal Jungle",0.95,"MEDIUM",0.90,"false","false","WARM","JUNGLE, MAGICAL, MUSHROOM, RARE","spawn, stronghold, village","0x003F76E4 (   4159204)","0x0041B04E (   4304974)","0x0041B04E (   4304974)"
224,"nt:fungal_jungle_hills","Fungal Jungle Hills",0.95,"MEDIUM",0.90,"false","false","WARM","JUNGLE, MAGICAL, MUSHROOM, RARE","spawn, stronghold","0x003F76E4 (   4159204)","0x0041B04E (   4304974)","0x0041B04E (   4304974)"
225,"nt:grass_hills","Grass Hills",0.20,"MEDIUM",0.30,"false","false","WARM","PLAINS","spawn, stronghold, village","0x003F76E4 (   4159204)","0x0089CE4D (   9031245)","0x0096CC68 (   9882728)"
226,"nt:green_mixed_forest","Green Mixed Forest",0.70,"MEDIUM",0.80,"false","false","WARM","FOREST","spawn, stronghold, village","0x003F76E4 (   4159204)","0x0072B04E (   7516238)","0x0072B04E (   7516238)"
227,"nt:green_mixed_forest_hills","Green Mixed Forest Hills",0.70,"MEDIUM",0.80,"false","false","WARM","FOREST","spawn, stronghold","0x003F76E4 (   4159204)","0x0072B04E (   7516238)","0x0072B04E (   7516238)"
228,"nt:green_swamp","Green Swamp",0.80,"MEDIUM",0.90,"false","false","WARM","SWAMP","spawn, stronghold","0x0009233B (    598843)","0x0074A34C (   7643980)","0x0074A34C (   7643980)"
229,"nt:heath","Heath",0.90,"MEDIUM",0.50,"false","false","WARM","PLAINS, SAVANNA","spawn, stronghold, village","0x003F76E4 (   4159204)","0xFF87C04D (  -7880627)","0x00AFC568 (  11519336)"
230,"nt:highland","Highland",0.70,"MEDIUM",0.20,"false","false","WARM","HILLS","spawn, stronghold, village","0x003F76E4 (   4159204)","0x0094BB50 (   9747280)","0x0091BD44 (   9551172)"
231,"nt:hills","Hills",0.70,"MEDIUM",0.30,"false","false","WARM","HILLS","spawn, stronghold, village","0x003F76E4 (   4159204)","0x0076B263 (   7778915)","0x006BA157 (   7053655)"
232,"nt:hotspring","Hot Spring",1.00,"WARM",0.50,"false","false","WARM","WET","spawn, stronghold","0x00001F03 (      7939)","0x007F9644 (   8361540)","0x007F9644 (   8361540)"
233,"nt:lake","Lake",0.80,"MEDIUM",0.40,"false","false","WARM","CONIFEROUS, WATER","spawn, stronghold","0x003F76E4 (   4159204)","0xFF91BD59 (  -7226023)","0xFF77AB2F (  -8934609)"
234,"nt:lowland","Lowland",0.40,"MEDIUM",1.00,"false","false","WARM","CONIFEROUS, WET","spawn, stronghold","0x003F76E4 (   4159204)","0x007ABD6D (   8043885)","0x004DB23C (   5091900)"
235,"nt:meadow","Meadow",0.80,"MEDIUM",0.40,"false","false","WARM","PLAINS","spawn, stronghold, village","0x003F76E4 (   4159204)","0x0092C951 (   9619793)","0x0073AC42 (   7580738)"
236,"nt:mixed_forest","Mixed Forest",0.70,"MEDIUM",0.80,"false","false","WARM","FOREST","spawn, stronghold, village","0x003F76E4 (   4159204)","0x008DA54F (   9282895)","0x00A6B04B (  10924107)"
237,"nt:mixed_forest_hills","Mixed Forest Hills",0.70,"MEDIUM",0.80,"false","false","WARM","FOREST","spawn, stronghold","0x003F76E4 (   4159204)","0x008DA54F (   9282895)","0x00A6B04B (  10924107)"
238,"nt:monsoon_forest","Monsoon Forest",0.95,"MEDIUM",2.00,"false","false","WARM","JUNGLE, RARE, WET","spawn, stronghold","0x00002FEE (     12270)","0x0033B058 (   3387480)","0x0026C139 (   2539833)"
239,"nt:moorland","Moorland",0.47,"MEDIUM",1.50,"false","false","WARM","HILLS","spawn, stronghold, village","0x003F76E4 (   4159204)","0xFF7DBC6E (  -8536978)","0x008EA13D (   9347389)"
240,"nt:mountains","Mountains",0.20,"MEDIUM",0.30,"false","false","WARM","MOUNTAIN","spawn, stronghold, village","0x003F76E4 (   4159204)","0x0076B263 (   7778915)","0x006BA157 (   7053655)"
241,"nt:oak_forest","Oak Forest",0.70,"MEDIUM",0.80,"false","false","WARM","FOREST","spawn, stronghold, village","0x003F76E4 (   4159204)","0xFF79C05A (  -8798118)","0xFF59AE30 ( -10899920)"
242,"nt:oak_forest_hills","Oak Forest Hills",0.70,"MEDIUM",0.80,"false","false","WARM","FOREST","spawn, stronghold","0x003F76E4 (   4159204)","0xFF79C05A (  -8798118)","0xFF59AE30 ( -10899920)"
243,"nt:poppy_meadow","Poppy Meadow",0.80,"MEDIUM",0.40,"false","false","WARM","MAGICAL, PLAINS, RARE","spawn, stronghold, village","0x003F76E4 (   4159204)","0x00A0CA5F (  10537567)","0x00A0CA5F (  10537567)"
244,"nt:royal_forest","Royal Forest",0.70,"MEDIUM",0.80,"false","false","WARM","FOREST, MAGICAL","spawn, stronghold, village","0x003F76E4 (   4159204)","0x0055B450 (   5616720)","0x003AA933 (   3844403)"
245,"nt:royal_forest_hills","Royal Forest Hills",0.70,"MEDIUM",0.80,"false","false","WARM","FOREST, MAGICAL","spawn, stronghold","0x003F76E4 (   4159204)","0x0055B450 (   5616720)","0x003AA933 (   3844403)"
246,"nt:tall_oak_forest","Tall Oak Forest",0.70,"MEDIUM",0.80,"false","false","WARM","FOREST","spawn, stronghold, village","0x003F76E4 (   4159204)","0xFF79C05A (  -8798118)","0xFF59AE30 ( -10899920)"
247,"nt:tall_oak_forest_hills","Tall Oak Forest Hills",0.70,"MEDIUM",0.80,"false","false","WARM","FOREST","spawn, stronghold","0x003F76E4 (   4159204)","0xFF79C05A (  -8798118)","0xFF59AE30 ( -10899920)"
248,"nt:white_orchard","White Orchard",1.00,"WARM",0.40,"false","false","WARM","PLAINS","spawn, stronghold, village","0x003F76E4 (   4159204)","0x00A5D246 (  10867270)","0x00A0CE3E (  10538558)"
249,"nt:pink_beach","Pink Beach",0.80,"MEDIUM",0.40,"false","false","","BEACH, OCEAN, WATER","spawn, stronghold","0x003F76E4 (   4159204)","0xFF91BD59 (  -7226023)","0xFF77AB2F (  -8934609)"
250,"nt:purple_beach","Purple Beach",0.80,"MEDIUM",0.40,"false","false","","BEACH, OCEAN, WATER","spawn, stronghold","0x003F76E4 (   4159204)","0xFF91BD59 (  -7226023)","0xFF77AB2F (  -8934609)"
251,"nt:orange_beach","Orange Beach",0.80,"MEDIUM",0.40,"false","false","","BEACH, OCEAN, WATER","spawn, stronghold","0x003F76E4 (   4159204)","0xFF91BD59 (  -7226023)","0xFF77AB2F (  -8934609)"
252,"nt:white_beach","White Beach",0.80,"MEDIUM",0.40,"false","false","","BEACH, OCEAN, WATER","spawn, stronghold","0x003F76E4 (   4159204)","0xFF91BD59 (  -7226023)","0xFF77AB2F (  -8934609)"
253,"nt:black_beach","Black Beach",0.80,"MEDIUM",0.40,"false","false","","BEACH, OCEAN, WATER","spawn, stronghold","0x003F76E4 (   4159204)","0xFF91BD59 (  -7226023)","0xFF77AB2F (  -8934609)"
254,"nt:iron_beach","Iron Beach",0.80,"MEDIUM",0.40,"false","false","","BEACH, OCEAN, WATER","spawn, stronghold","0x003F76E4 (   4159204)","0xFF91BD59 (  -7226023)","0xFF77AB2F (  -8934609)"
255,"nt:olivine_beach","Olivine Beach",0.80,"MEDIUM",0.40,"false","false","","BEACH, OCEAN, WATER","spawn, stronghold","0x003F76E4 (   4159204)","0xFF91BD59 (  -7226023)","0xFF77AB2F (  -8934609)"
256,"nt:brown_beach","Brown Beach",0.80,"MEDIUM",0.40,"false","false","","BEACH, OCEAN, WATER","spawn, stronghold","0x003F76E4 (   4159204)","0xFF91BD59 (  -7226023)","0xFF77AB2F (  -8934609)"
257,"nt:autumn_taiga","Autumn Taiga",0.25,"MEDIUM",0.80,"false","false","COOL","CONIFEROUS","spawn, stronghold, village","0x003F76E4 (   4159204)","0x00A4BA6B (  10795627)","0x00A4BA6B (  10795627)"
258,"nt:autumn_taiga_hills","Autumn Taiga Hills",0.25,"MEDIUM",0.80,"false","false","COOL","CONIFEROUS","spawn, stronghold","0x003F76E4 (   4159204)","0x00A4BA6B (  10795627)","0x00A4BA6B (  10795627)"
259,"nt:blue_taiga","Blue Taiga",0.25,"MEDIUM",0.80,"false","false","COOL","CONIFEROUS","spawn, stronghold, village","0x003F76E4 (   4159204)","0x006BB88C (   7059596)","0x004AAE68 (   4894312)"
260,"nt:blue_taiga_hills","Blue Taiga Hills",0.25,"MEDIUM",0.80,"false","false","COOL","CONIFEROUS","spawn, stronghold","0x003F76E4 (   4159204)","0x006BB88C (   7059596)","0x004AAE68 (   4894312)"
261,"nt:cliffs","Cliffs",0.70,"MEDIUM",0.30,"false","false","COOL","CONIFEROUS, MOUNTAIN","spawn, stronghold","0x003F76E4 (   4159204)","0x008CB06B (   9220203)","0x008CB06B (   9220203)"
262,"nt:stone_fields","Stone Fields",0.25,"MEDIUM",0.80,"false","false","COOL","PLAINS","spawn, stronghold, village","0x003F76E4 (   4159204)","0xFF86B783 (  -7948413)","0xFF68A464 (  -9919388)"
263,"nt:maple_forest","Maple Forest",0.25,"MEDIUM",0.80,"false","false","COOL","CONIFEROUS","spawn, stronghold, village","0x003F76E4 (   4159204)","0x009FBB53 (  10468179)","0x00D9A44F (  14263375)"
264,"nt:maple_forest_hills","Maple Forest Hills",0.25,"MEDIUM",0.80,"false","false","COOL","CONIFEROUS","spawn, stronghold","0x003F76E4 (   4159204)","0x009FBB53 (  10468179)","0x00D9A44F (  14263375)"
265,"nt:mega_autumn_taiga","Mega Autumn Taiga",0.25,"MEDIUM",0.80,"false","false","COOL","CONIFEROUS, RARE","spawn, stronghold, village","0x003F76E4 (   4159204)","0x00A4BA6B (  10795627)","0x00A4BA6B (  10795627)"
266,"nt:mega_autumn_taiga_hills","Mega Autumn Taiga Hills",0.25,"MEDIUM",0.80,"false","false","COOL","CONIFEROUS, RARE","spawn, stronghold","0x003F76E4 (   4159204)","0x00A4BA6B (  10795627)","0x00A4BA6B (  10795627)"
267,"nt:mega_blue_taiga","Mega Blue Taiga",0.25,"MEDIUM",0.80,"false","false","COOL","CONIFEROUS, RARE","spawn, stronghold, village","0x003F76E4 (   4159204)","0x006BB88C (   7059596)","0x004AAE68 (   4894312)"
268,"nt:mega_blue_taiga_hills","Mega Blue Taiga Hills",0.25,"MEDIUM",0.80,"false","false","COOL","CONIFEROUS, RARE","spawn, stronghold","0x003F76E4 (   4159204)","0x006BB88C (   7059596)","0x004AAE68 (   4894312)"
269,"nt:mega_maple_forest","Mega Maple Forest",0.25,"MEDIUM",0.80,"false","false","COOL","CONIFEROUS, RARE","spawn, stronghold, village","0x003F76E4 (   4159204)","0x009FBB53 (  10468179)","0x00D44335 (  13910837)"
270,"nt:mega_maple_forest_hills","Mega Maple Forest Hills",0.25,"MEDIUM",0.80,"false","false","COOL","CONIFEROUS, RARE","spawn, stronghold","0x003F76E4 (   4159204)","0x009FBB53 (  10468179)","0x00D44335 (  13910837)"
271,"nt:pineland","Pineland",0.25,"MEDIUM",0.80,"false","false","COOL","CONIFEROUS, HILLS","spawn, stronghold, village","0x003F76E4 (   4159204)","0x007CB660 (   8173152)","0x0074BA52 (   7649874)"
272,"nt:rocky_taiga","Rocky Taiga",0.25,"MEDIUM",0.80,"false","false","COOL","CONIFEROUS","spawn, stronghold, village","0x003F76E4 (   4159204)","0x006EA93C (   7252284)","0x00639F2F (   6528815)"
273,"nt:shrubland","Shrubland",0.80,"MEDIUM",0.40,"false","false","COOL","CONIFEROUS","spawn, stronghold, village","0x003F76E4 (   4159204)","0xFF91BD59 (  -7226023)","0x004F9C37 (   5217335)"
274,"nt:stone_mountains","Stone Mountains",0.20,"MEDIUM",0.30,"false","false","COOL","MOUNTAIN","spawn, stronghold","0x003F76E4 (   4159204)","0xFF8AB689 (  -7686519)","0xFF6DA36B (  -9591957)"
275,"nt:clayland","Clayland",0.90,"MEDIUM",0.30,"false","false","DESERT","SAVANNA","spawn, stronghold, village","0x003F76E4 (   4159204)","0x00CCC566 (  13419878)","0x00B9CC66 (  12176486)"
276,"nt:lush_desert","Lush Desert",0.95,"MEDIUM",0.90,"false","false","DESERT","JUNGLE, LUSH, SAVANNA","spawn, stronghold, village","0x00002AF4 (     10996)","0x0094C72B (   9750315)","0x0094C72B (   9750315)"
277,"nt:red_sand_dune","Red Sand Dune",2.00,"WARM",0.00,"false","false","DESERT","SANDY","spawn, stronghold, village","0x003F76E4 (   4159204)","0xFFBFB755 (  -4212907)","0xFFAEA42A (  -5331926)"
278,"nt:rockland","Rockland",0.90,"MEDIUM",0.30,"false","false","DESERT","SAVANNA","spawn, stronghold, village","0x003F76E4 (   4159204)","0x00CCC566 (  13419878)","0x00B9CC66 (  12176486)"
279,"nt:sahel","Sahel",0.90,"MEDIUM",1.00,"false","false","DESERT","SANDY","spawn, stronghold, village","0x003F76E4 (   4159204)","0x0092B25C (   9613916)","0x0092B25C (   9613916)"
280,"nt:sand_dune","Sand Dune",2.00,"WARM",0.00,"false","false","DESERT","SANDY","spawn, stronghold, village","0x003F76E4 (   4159204)","0xFFBFB755 (  -4212907)","0xFFAEA42A (  -5331926)"
281,"nt:sandy_mountains","Sandy Mountains",2.00,"WARM",0.00,"false","false","DESERT","MOUNTAIN, SANDY","spawn, stronghold","0x003F76E4 (   4159204)","0xFFBFB755 (  -4212907)","0xFFAEA42A (  -5331926)"
282,"nt:scrubland","Scrubland",1.20,"WARM",0.00,"false","false","DESERT","SAVANNA","spawn, stronghold, village","0x003F76E4 (   4159204)","0xFFBFB755 (  -4212907)","0xFFAEA42A (  -5331926)"
283,"nt:tropical_desert","Tropical Desert",0.95,"MEDIUM",1.00,"false","false","DESERT","JUNGLE, LUSH, SAVANNA","spawn, stronghold, village","0x00002FEE (     12270)","0x0063CA1B (   6539803)","0x0063CA1B (   6539803)"
284,"nt:alps","Alps",0.20,"MEDIUM",0.30,"false","false","ICY","CONIFEROUS, MOUNTAIN, SNOWY","spawn, stronghold, village","0x003F76E4 (   4159204)","0x0099C762 (  10078050)","0x0083B84D (   8632397)"
285,"nt:cold_birch_forest","Cold Birch Forest",0.00,"COLD",0.80,"true","false","ICY","FOREST, SNOWY","spawn, stronghold, village","0x003F76E4 (   4159204)","0x00A1B269 (  10596969)","0x00A1B269 (  10596969)"
286,"nt:cold_birch_forest_hills","Cold Birch Forest Hills",0.00,"COLD",0.80,"true","false","ICY","FOREST, SNOWY","spawn, stronghold","0x003F76E4 (   4159204)","0x00A1B269 (  10596969)","0x00A1B269 (  10596969)"
287,"nt:cold_blue_taiga","Cold Blue Taiga",-0.50,"COLD",0.40,"true","false","ICY","CONIFEROUS, SNOWY","spawn, stronghold, village","0x003F76E4 (   4159204)","0x006BB88C (   7059596)","0x004AAE68 (   4894312)"
288,"nt:cold_blue_taiga_hills","Cold Blue Taiga Hills",-0.50,"COLD",0.40,"true","false","ICY","CONIFEROUS, SNOWY","spawn, stronghold","0x003F76E4 (   4159204)","0x006BB88C (   7059596)","0x004AAE68 (   4894312)"
289,"nt:cold_desert","Cold Desert",-2.00,"COLD",0.80,"true","false","ICY","COLD","spawn, stronghold, village","0x003F76E4 (   4159204)","0xFF80B497 (  -8342377)","0x00B2893A (  11700538)"
290,"nt:cold_flower_forest","Cold Flower Forest",0.00,"COLD",0.80,"true","false","ICY","FOREST, SNOWY","spawn, stronghold, village","0x003F76E4 (   4159204)","0x00A1B269 (  10596969)","0x00A1B269 (  10596969)"
291,"nt:cold_flower_forest_hills","Cold Flower Forest Hills",0.00,"COLD",0.80,"true","false","ICY","FOREST, SNOWY","spawn, stronghold","0x003F76E4 (   4159204)","0x00A1B269 (  10596969)","0x00A1B269 (  10596969)"
292,"nt:cold_forest","Cold Forest",0.00,"COLD",0.80,"true","false","ICY","FOREST, SNOWY","spawn, stronghold, village","0x003F76E4 (   4159204)","0x00A1B269 (  10596969)","0x00A1B269 (  10596969)"
293,"nt:cold_forest_hills","Cold Forest Hills",0.00,"COLD",0.80,"true","false","ICY","FOREST, SNOWY","spawn, stronghold","0x003F76E4 (   4159204)","0x00A1B269 (  10596969)","0x00A1B269 (  10596969)"
294,"nt:cold_mega_blue_taiga","Cold Mega Blue Taiga",-0.50,"COLD",0.40,"true","false","ICY","CONIFEROUS, RARE, SNOWY","spawn, stronghold, village","0x003F76E4 (   4159204)","0x006BB88C (   7059596)","0x004AAE68 (   4894312)"
295,"nt:cold_mega_blue_taiga_hills","Cold Mega Blue Taiga Hills",-0.50,"COLD",0.40,"true","false","ICY","CONIFEROUS, RARE, SNOWY","spawn, stronghold","0x003F76E4 (   4159204)","0x006BB88C (   7059596)","0x004AAE68 (   4894312)"
296,"nt:cold_mega_spruce_taiga","Cold Mega Spruce Taiga",0.00,"COLD",0.80,"true","false","ICY","CONIFEROUS, RARE, SNOWY","spawn, stronghold, village","0x003F76E4 (   4159204)","0x00A1B269 (  10596969)","0x00A1B269 (  10596969)"
297,"nt:cold_mega_spruce_taiga_hills","Cold Mega Spruce Taiga Hills",0.00,"COLD",0.80,"true","false","ICY","CONIFEROUS, RARE, SNOWY","spawn, stronghold","0x003F76E4 (   4159204)","0x00A1B269 (  10596969)","0x00A1B269 (  10596969)"
298,"nt:cold_mega_taiga","Cold Mega Taiga",0.00,"COLD",0.80,"true","false","ICY","CONIFEROUS, RARE, SNOWY","spawn, stronghold, village","0x003F76E4 (   4159204)","0x00A1B269 (  10596969)","0x00A1B269 (  10596969)"
299,"nt:cold_mega_taiga_hills","Cold Mega Taiga Hills",0.00,"COLD",0.80,"true","false","ICY","CONIFEROUS, RARE, SNOWY","spawn, stronghold","0x003F76E4 (   4159204)","0x00A1B269 (  10596969)","0x00A1B269 (  10596969)"
300,"nt:cold_roofed_forest","Cold Roofed Forest",0.00,"COLD",0.80,"true","false","ICY","FOREST, SNOWY","spawn, stronghold, village","0x003F76E4 (   4159204)","0x00A1B269 (  10596969)","0x00A1B269 (  10596969)"
301,"nt:cold_roofed_forest_hills","Cold Roofed Forest Hills",0.00,"COLD",0.80,"true","false","ICY","FOREST, SNOWY","spawn, stronghold","0x003F76E4 (   4159204)","0x00A1B269 (  10596969)","0x00A1B269 (  10596969)"
302,"nt:glacier","Glacier",0.00,"COLD",0.50,"false","false","ICY","COLD, SNOWY","spawn, stronghold","0x003F76E4 (   4159204)","0xFF80B497 (  -8342377)","0xFF60A17B ( -10444421)"
303,"nt:icy_tundra","Icy Tundra",-1.00,"COLD",0.50,"true","false","ICY","COLD, SNOWY","spawn, stronghold","0x003F76E4 (   4159204)","0xFF80B497 (  -8342377)","0x00B2893A (  11700538)"
304,"nt:snowdune","Snow Dune",0.00,"COLD",0.50,"false","false","ICY","COLD, SNOWY","spawn, stronghold","0x003F76E4 (   4159204)","0xFF80B497 (  -8342377)","0xFF60A17B ( -10444421)"
305,"nt:tundra","Tundra",0.20,"MEDIUM",0.50,"false","false","ICY","COLD","spawn, stronghold, village","0x003F76E4 (   4159204)","0xFF88B688 (  -7817592)","0x00B2893A (  11700538)"
306,"traverse:autumnal_woods","Autumnal Woods",0.70,"MEDIUM",0.80,"false","false","COOL","FOREST","spawn, stronghold","0x003F76E4 (   4159204)","0xFFD6C23D (  -2702787)","0xFFD2D31F (  -2960609)"
307,"traverse:woodlands","Woodlands",0.80,"MEDIUM",0.40,"false","false","WARM","PLAINS","spawn, stronghold, village","0x003F76E4 (   4159204)","0xFF99A955 (  -6706859)","0xFF849E4A (  -8085942)"
308,"traverse:mini_jungle","Mini Jungle",0.95,"MEDIUM",0.90,"false","false","WARM","DENSE, HOT, JUNGLE, WET","spawn","0x00003320 (     13088)","0xFF59C93C ( -10892996)","0xFF30BB0B ( -13583605)"
309,"traverse:meadow","Meadow",0.80,"MEDIUM",0.70,"false","false","COOL","LUSH, PLAINS, WET","spawn, stronghold, village","0x003F76E4 (   4159204)","0xFF65CC53 ( -10105773)","0xFF5DD64A ( -10627510)"
310,"traverse:green_swamp","Lush Swamp",0.80,"MEDIUM",0.50,"false","false","WARM","LUSH, SWAMP, WET","spawn","0x00617B64 (   6388580)","0xFF4DD838 ( -11675592)","0xFF4DD838 ( -11675592)"
311,"traverse:red_desert","Red Desert",2.00,"WARM",0.00,"false","false","DESERT","DRY, HOT, SANDY","spawn, stronghold, village","0x003F76E4 (   4159204)","0xFFBFB755 (  -4212907)","0xFFAEA42A (  -5331926)"
312,"traverse:temperate_rainforest","Temperate Rainforest",0.60,"MEDIUM",0.90,"false","false","COOL","CONIFEROUS, FOREST","spawn, stronghold","0x003F76E4 (   4159204)","0xFF338235 ( -13401547)","0xFF338235 ( -13401547)"
313,"traverse:badlands","Badlands",0.60,"MEDIUM",0.10,"false","false","WARM","DRY, HOT, PLAINS, SPARSE","spawn, stronghold, village","0x003F76E4 (   4159204)","0xFFDBC77C (  -2373764)","0xFFC2C168 (  -4013720)"
314,"traverse:mountainous_desert","Mountainous Desert",2.00,"WARM",0.00,"false","false","DESERT","DRY, HOT, MOUNTAIN, SANDY","spawn, stronghold","0x003F76E4 (   4159204)","0xFFBFB755 (  -4212907)","0xFFAEA42A (  -5331926)"
315,"traverse:rocky_plateau","Rocky Plateau",0.80,"MEDIUM",0.20,"false","false","WARM","HOT, MOUNTAIN","spawn, stronghold, village","0x003F76E4 (   4159204)","0xFFA2BA5D (  -6112675)","0xFF8BA835 (  -7624651)"
316,"traverse:forested_hills","Forested Hills",0.70,"MEDIUM",0.80,"false","false","COOL","FOREST, HILLS","spawn, stronghold","0x003F76E4 (   4159204)","0xFF79C05A (  -8798118)","0xFF59AE30 ( -10899920)"
317,"traverse:birch_forested_hills","Birch Forested Hills",0.70,"MEDIUM",0.80,"false","false","COOL","FOREST, HILLS","spawn, stronghold","0x003F76E4 (   4159204)","0xFF79C05A (  -8798118)","0xFF59AE30 ( -10899920)"
318,"traverse:autumnal_wooded_hills","Autumnal Wooded Hills",0.70,"MEDIUM",0.80,"false","false","COOL","FOREST, HILLS","spawn, stronghold","0x003F76E4 (   4159204)","0xFFD6C23D (  -2702787)","0xFFD2D31F (  -2960609)"
319,"traverse:cliffs","Cliffs",0.40,"MEDIUM",1.20,"false","false","COOL","COLD, HILLS, MOUNTAIN","spawn, stronghold","0x003F76E4 (   4159204)","0xFF81BB75 (  -8275083)","0xFF60A952 ( -10442414)"
320,"traverse:glacier","Glacier",0.00,"COLD",0.50,"true","false","ICY","COLD, MOUNTAIN, SNOWY","spawn, stronghold","0x003F76E4 (   4159204)","0xFF80B497 (  -8342377)","0xFF60A17B ( -10444421)"
321,"traverse:glacier_spikes","Glacier Spikes",0.00,"COLD",0.50,"true","false","ICY","COLD, MOUNTAIN, SNOWY","spawn, stronghold","0x003F76E4 (   4159204)","0xFF80B497 (  -8342377)","0xFF60A17B ( -10444421)"
322,"traverse:snowy_coniferous_forest","Snowy Coniferous Forest",0.00,"COLD",0.50,"true","false","ICY","COLD, CONIFEROUS, FOREST, SNOWY","spawn, stronghold","0x003F76E4 (   4159204)","0xFF338235 ( -13401547)","0xFF338235 ( -13401547)"
323,"traverse:lush_hills","Lush Hills",0.50,"MEDIUM",0.80,"false","false","COOL","HILLS, LUSH, SPARSE, WET","spawn, stronghold, village","0x003F76E4 (   4159204)","0xFF7FE03E (  -8396738)","0xFF58EA33 ( -10950093)"
324,"traverse:desert_shrubland","Desert Shrubland",2.00,"WARM",0.00,"false","false","DESERT","DEAD, DRY, HOT, SANDY","spawn, stronghold, village","0x003F76E4 (   4159204)","0xFFE0CE5C (  -2044324)","0xFFAEA42A (  -5331926)"
325,"traverse:thicket","Thicket",0.80,"MEDIUM",0.30,"false","false","WARM","DENSE, FOREST","spawn, stronghold","0x003F76E4 (   4159204)","0xFF74CD61 (  -9122463)","0xFF6DAF61 (  -9588895)"
326,"traverse:arid_highland","Arid Highland",2.00,"WARM",0.00,"false","false","DESERT","DRY, HILLS, HOT, MOUNTAIN, SPARSE","spawn, stronghold, village","0x003F76E4 (   4159204)","0xFFBACD78 (  -4534920)","0xFF80A02E (  -8347602)"
327,"traverse:rocky_plains","Rocky Plains",0.90,"MEDIUM",0.70,"false","false","COOL","HILLS, PLAINS, SPARSE","spawn, stronghold, village","0x003F76E4 (   4159204)","0xFF73C447 (  -9190329)","0xFF50B41A ( -11488230)"
328,"rats:ratlantis","ratlantis",0.95,"MEDIUM",0.90,"false","false","","DENSE, HOT, JUNGLE, WET","stronghold","0x003F76E4 (   4159204)","0xFF59C93C ( -10892996)","0xFF30BB0B ( -13583605)"
329,"spookybiomes:sorbus_forest","Sorbus Forest",0.25,"MEDIUM",0.90,"false","false","WARM","FOREST, HILLS, WET","spawn, stronghold","0x00CBFF8F (  13369231)","0xFF85B783 (  -8013949)","0xFF67A464 (  -9984924)"
330,"spookybiomes:ghostly_forest","Ghostly Forest",0.25,"MEDIUM",0.90,"false","false","COOL","DEAD, FOREST, HILLS, WET","spawn, stronghold","0x000A2A72 (    666226)","0xFF85B783 (  -8013949)","0xFF67A464 (  -9984924)"
331,"spookybiomes:seeping_forest","Seeping Forest",0.25,"MEDIUM",0.90,"false","false","WARM","HILLS, WET","spawn, stronghold","0x0085E21F (   8774175)","0xFF85B783 (  -8013949)","0xFF67A464 (  -9984924)"
332,"spookybiomes:bloodied_hills","Bloodied Hills",0.50,"MEDIUM",0.50,"false","false","WARM","FOREST, HILLS, WET","spawn, stronghold","0x008F0000 (   9371648)","0xFF8EB971 (  -7423631)","0xFF71A74D (  -9328819)"
333,"aether_legacy:aether_highlands","Aether",0.50,"MEDIUM",0.00,"false","false","","COLD, MAGICAL, VOID","stronghold","0x003F76E4 (   4159204)","0xFFA0B676 (  -6244746)","0xFF87A353 (  -7888045)"
334,"jeid:error_biome","A mod doesn't support extended biome IDs -- report to REID",0.50,"MEDIUM",0.50,"false","false","","PLAINS","stronghold","0x003F76E4 (   4159204)","0xFF8EB971 (  -7423631)","0xFF71A74D (  -9328819)"
335,"nb:crimson_forest","Crimson Forest",2.00,"WARM",0.50,"false","false","","HOT, NETHER","stronghold","0x003F76E4 (   4159204)","0xFF82C245 (  -8207803)","0xFF64B216 ( -10178026)"
336,"nb:warped_forest","Warped Forest",2.00,"WARM",0.50,"false","false","","HOT, NETHER","stronghold","0x003F76E4 (   4159204)","0xFF82C245 (  -8207803)","0xFF64B216 ( -10178026)"
337,"nb:soul_sand_valley","Soul Sand Valley",2.00,"WARM",0.50,"false","false","","DRY, HOT, NETHER","stronghold","0x003F76E4 (   4159204)","0xFF82C245 (  -8207803)","0xFF64B216 ( -10178026)"
338,"nb:basalt_deltas","Basalt Deltas",2.00,"WARM",0.50,"false","false","","HOT, MOUNTAIN, NETHER","stronghold","0x003F76E4 (   4159204)","0xFF82C245 (  -8207803)","0xFF64B216 ( -10178026)"
339,"explorercraft:bamboo_forest","Bamboo Forest",0.90,"MEDIUM",1.00,"false","false","COOL","DENSE, FOREST, WET","spawn, stronghold, village","0x003F76E4 (   4159204)","0xFF55C93F ( -11155137)","0xFF2BBB0F ( -13911281)"
340,"explorercraft:forested_mountain","Forested Mountain",0.50,"MEDIUM",0.50,"false","false","WARM","FOREST, MOUNTAIN","spawn, stronghold","0x003F76E4 (   4159204)","0xFF8EB971 (  -7423631)","0xFF71A74D (  -9328819)"
341,"explorercraft:snowdonia","Snowdonia",0.50,"MEDIUM",1.00,"false","false","COOL","HILLS, MOUNTAIN, WET","spawn, stronghold","0x0000995B (     39259)","0xFF7CBD6B (  -8602261)","0xFF5BAB46 ( -10769594)"
342,"ee:ash_wastelands","Ash Wastelands",0.80,"MEDIUM",0.50,"false","false","","END","stronghold","0x003F76E4 (   4159204)","0xFF8ABF57 (  -7684265)","0xFF6DAE2C (  -9589204)"
