"Mod name","Registry name","Item ID","Meta/dmg","Subtypes","Display name","Hunger","Saturation","Ore Dict keys"
"Abyssal Depths","abyssaldepths:bannerfish",4743,0,"false","Bannerfish",3,0.4,""
"Abyssal Depths","abyssaldepths:butterflyfish",4744,0,"false","Butterflyfish",2,0.1,""
"Abyssal Depths","abyssaldepths:cooked_butterflyfish",4745,0,"false","Cooked Butterflyfish",6,0.6,""
"Abyssal Depths","abyssaldepths:masked_butterflyfish",4746,0,"false","Masked Butterflyfish",2,0.1,""
"Abyssal Depths","abyssaldepths:raccoon_butterflyfish",4747,0,"false","Raccoon Butterflyfish",2,0.1,""
"Abyssal Depths","abyssaldepths:spotfin_butterflyfish",4748,0,"false","Spotfin Butterflyfish",2,0.1,""
"Advanced Fishing","advanced-fishing:fish",4750,0,"true","Jellyfish",1,0.1,""
"Advanced Fishing","advanced-fishing:fish",4750,1,"true","Magma Jellyfish",1,0.1,""
"Advanced Fishing","advanced-fishing:fish",4750,2,"true","Mud Tuna",2,0.1,""
"Advanced Fishing","advanced-fishing:fish",4750,3,"true","Frost Minnow",2,0.1,""
"Advanced Fishing","advanced-fishing:fish",4750,4,"true","Piranha",2,0.1,""
"Advanced Fishing","advanced-fishing:fish",4750,5,"true","Golden Koi",2,0.1,""
"Advanced Fishing","advanced-fishing:fish",4750,6,"true","Specular Snapper",2,0.1,""
"Advanced Fishing","advanced-fishing:fish",4750,7,"true","Cave Trout",2,0.1,""
"Advanced Fishing","advanced-fishing:fish",4750,8,"true","Obsidian Bream",1,0.1,""
"Advanced Fishing","advanced-fishing:fish",4750,9,"true","Nether Sturgeon",1,0.1,""
"Advanced Fishing","advanced-fishing:fish",4750,10,"true","Quartz Chub",1,0.1,""
"Advanced Fishing","advanced-fishing:fish",4750,11,"true","Flarefin Koi",1,0.1,""
"Advanced Fishing","advanced-fishing:fish",4750,12,"true","Blaze Pike",1,0.1,""
"Advanced Fishing","advanced-fishing:fish",4750,13,"true","Ender Shad",1,0.1,""
"Advanced Fishing","advanced-fishing:fish",4750,14,"true","Pearl Sardine",2,0.1,""
"Advanced Fishing","advanced-fishing:fish",4750,15,"true","Chorus Koi",2,0.1,""
"Advanced Fishing","advanced-fishing:fish",4750,16,"true","Explosive Crucian",1,0.1,""
"Advanced Fishing","advanced-fishing:fish",4750,17,"true","Ruffe",2,0.1,""
"Advanced Fishing","advanced-fishing:fish",4750,18,"true","Sparkling Eel",2,0.1,""
"Advanced Fishing","advanced-fishing:fish",4750,19,"true","Angelfish",2,0.1,""
"Advanced Fishing","advanced-fishing:fish",4750,20,"true","Angler Fish",2,0.1,""
"Advanced Fishing","advanced-fishing:fish",4750,21,"true","Sponge Eater",2,0.1,""
"Advanced Fishing","advanced-fishing:fish",4750,22,"true","Snowy Walleye",2,0.1,""
"Advanced Fishing","advanced-fishing:fish",4750,23,"true","Squid",1,0.1,""
"Advanced Fishing","advanced-fishing:fish",4750,24,"true","Withered Crucian",1,0.1,""
"Advanced Fishing","advanced-fishing:fish",4750,25,"true","Sandy Bass",1,0.1,""
"Advanced Fishing","advanced-fishing:fish",4750,26,"true","Mandarinfish",3,0.1,""
"Advanced Fishing","advanced-fishing:fish",4750,27,"true","Red Shroomfin",2,0.1,""
"Advanced Fishing","advanced-fishing:fish",4750,28,"true","Brown Shroomfin",2,0.1,""
"Advanced Fishing","advanced-fishing:fish",4750,29,"true","Fungi Catfish",1,0.1,""
"Advanced Fishing","advanced-fishing:fish",4750,30,"true","Swamp Plaice",1,0.1,""
"Advanced Fishing","advanced-fishing:fish",4750,31,"true","Crystal Mullet",1,0.1,""
"Advanced Fishing","advanced-fishing:fish",4750,32,"true","Charged Bullhead",1,0.1,""
"Advanced Fishing","advanced-fishing:fish",4750,33,"true","Abyssal Lurker",1,0.1,""
"Advanced Fishing","advanced-fishing:fish",4750,34,"true","Sunfish",2,0.1,""
"Advanced Fishing","advanced-fishing:fish",4750,35,"true","Glacier Anchovy",1,0.1,""
"Advanced Fishing","advanced-fishing:fish",4750,36,"true","Catfish",3,0.2,""
"Advanced Fishing","advanced-fishing:fish",4750,37,"true","Pike",2,0.2,""
"Advanced Fishing","advanced-fishing:fish",4750,38,"true","Magikarp",1,0.05,""
"Advanced Fishing","advanced-fishing:fish",4750,39,"true","Green Jellyfish",1,0.1,""
"Advanced Fishing","advanced-fishing:fish",4750,40,"true","Bonefish",1,0.05,""
"Advanced Fishing","advanced-fishing:fish",4750,41,"true","Cursed Koi",1,0.1,""
"Advanced Fishing","advanced-fishing:fish",4750,42,"true","Spookyfin",1,0.1,""
"Ancient Warfare NPCs","ancientwarfarenpc:food_bundle",4833,0,"false","Food Bundle",15,1.0,"foodBundle"
"AncientSpellcraft","ancientspellcraft:ice_cream",12325,0,"false","Ice Cream",1,0.6,""
"Aquaculture","aquaculture:food",4102,0,"true","Seaweed",2,0.0,"cropSeaweed"
"Aquaculture","aquaculture:food",4102,1,"true","Algae",2,0.0,""
"Aquaculture","aquaculture:food",4102,2,"true","Raw Whale Steak",2,0.3,""
"Aquaculture","aquaculture:food",4102,3,"true","Raw Fish Fillet",2,0.3,"listAllfishraw"
"Aquaculture","aquaculture:food",4102,4,"true","Cooked Fish Fillet",5,0.6,"listAllfishcooked"
"Aquaculture","aquaculture:food",4102,5,"true","Cooked Whale Steak",10,0.8,""
"Aquaculture","aquaculture:food",4102,6,"true","Cooked Whale Burger",20,0.8,""
"Aquaculture","aquaculture:food",4102,7,"true","Frog Legs",2,0.3,""
"Aquaculture","aquaculture:food",4102,8,"true","Cooked Frog Legs",3,0.6,""
"Aquaculture","aquaculture:food",4102,9,"true","Turtle Soup",6,0.6,""
"Aquaculture","aquaculture:food",4102,10,"true","Sushi",4,0.6,""
"Beast Slayer","ancientbeasts:cactus_broth",5719,0,"false","Cactus Broth",12,0.8,""
"Better Animals Plus","betteranimalsplus:blubber",5834,0,"false","Blubber",1,2.0,""
"Better Animals Plus","betteranimalsplus:cheese",5865,0,"false","Cheese Wheel",6,2.0,"foodCheese"
"Better Animals Plus","betteranimalsplus:crab_meat_cooked",5858,0,"false","Cooked Crab Meat",6,1.6,"listAllfishcooked"
"Better Animals Plus","betteranimalsplus:crab_meat_raw",5857,0,"false","Raw Crab Meat",4,1.0,"listAllfishraw"
"Better Animals Plus","betteranimalsplus:eel_meat_cooked",5869,0,"false","Cooked Eel Meat",8,1.6,""
"Better Animals Plus","betteranimalsplus:eel_meat_raw",5868,0,"false","Raw Eel Meat",1,0.0,""
"Better Animals Plus","betteranimalsplus:fried_egg",5870,0,"false","Fried Egg",6,1.0,""
"Better Animals Plus","betteranimalsplus:goatcheese",5836,0,"false","Goat Cheese Wheel",6,2.0,"foodCheese,foodGoatCheese"
"Better Animals Plus","betteranimalsplus:pheasantcooked",5838,0,"false","Cooked Pheasant",8,1.6,"listAllmeatcooked"
"Better Animals Plus","betteranimalsplus:pheasantraw",5837,0,"false","Raw Pheasant",1,0.0,"listAllmeatraw"
"Better Animals Plus","betteranimalsplus:turkey_leg_cooked",5867,0,"false","Cooked Turkey Leg",8,1.6,""
"Better Animals Plus","betteranimalsplus:turkey_leg_raw",5866,0,"false","Raw Turkey Leg",1,0.0,""
"Better Animals Plus","betteranimalsplus:venisoncooked",5831,0,"false","Cooked Venison",12,1.6,"foodVenisoncooked,listAllmeatcooked,listAllvenisoncooked"
"Better Animals Plus","betteranimalsplus:venisonraw",5830,0,"false","Raw Venison",4,0.0,"foodVenisonraw,listAllmeatraw,listAllvenisonraw"
"Better End","betterendforge:amber_root_raw",6212,0,"false","Raw Amber Root",2,0.8,""
"Better End","betterendforge:blossom_berry",6211,0,"false","Blossom Berry",4,0.3,""
"Better End","betterendforge:chorus_mushroom_cooked",6214,0,"false","Cooked Chorus Mushroom",6,0.6,""
"Better End","betterendforge:chorus_mushroom_raw",6213,0,"false","Raw Chorus Mushroom",3,0.5,""
"Better End","betterendforge:end_fish_cooked",6208,0,"false","Cooked End Fish",6,0.8,""
"Better End","betterendforge:end_fish_raw",6207,0,"false","End Fish",2,0.1,""
"Better End","betterendforge:shadow_berry_cooked",6206,0,"false","Shadow Berry Cooked",6,0.7,""
"Better End","betterendforge:shadow_berry_jelly",6210,0,"false","Shadow Berry Jell",4,0.75,""
"Better End","betterendforge:shadow_berry_raw",6205,0,"false","Shadow Berry",4,0.5,""
"Better End","betterendforge:sweet_berry_jelly",6209,0,"false","Sweet Berry Jelly",3,0.75,""
"Better End","betterendforge:umbrella_cluster_juice",6215,0,"false","Umbrella Cluster Juice",5,0.7,""
"BetterNether: RotN Edition","betternether:black_apple",4199,0,"false","Black Apple",6,0.5,""
"BetterNether: RotN Edition","betternether:stalagnate_bowl_apple",4206,0,"false","Black Apple",8,0.6,""
"BetterNether: RotN Edition","betternether:stalagnate_bowl_mushroom",4205,0,"false","Mushroom Stew",6,0.6,""
"BetterNether: RotN Edition","betternether:stalagnate_bowl_wart",4204,0,"false","Wart Soup",4,0.6,""
"Biomes O' Plenty","biomesoplenty:berries",4357,0,"false","Berry",1,0.1,"listAllberry,listAllfruit"
"Biomes O' Plenty","biomesoplenty:filled_honeycomb",4362,0,"false","Filled Honeycomb",3,0.4,"dropHoney,foodFilledhoneycomb,foodHoneydrop,listAllsugar"
"Biomes O' Plenty","biomesoplenty:peach",4359,0,"false","Peach",5,0.2,"cropPeach,listAllfruit"
"Biomes O' Plenty","biomesoplenty:pear",4358,0,"false","Pear",5,0.3,"cropPear,listAllfruit"
"Biomes O' Plenty","biomesoplenty:persimmon",4360,0,"false","Persimmon",5,0.2,"cropPersimmon,listAllfruit"
"Biomes O' Plenty","biomesoplenty:ricebowl",4364,0,"false","Bowl of Rice",2,0.6,"foodBowlofrice"
"Biomes O' Plenty","biomesoplenty:shroompowder",4363,0,"false","Shroom Powder",1,0.1,"foodMushroompowder"
"ChocoCraft Plus","chococraftplus:cooked_chocobo_leg",4377,0,"false","Cooked Chocobo Leg",8,0.6,"foodChocobocooked,foodOstrichcooked,foodTurkeycooked,listAllchocobocooked,listAllmeatcooked,listAllostrichcooked,listAllturkeycooked"
"ChocoCraft Plus","chococraftplus:nut_carob",4410,0,"false","Carob Nut",7,0.6,"cropCarob,cropWalnut,listAllnut"
"ChocoCraft Plus","chococraftplus:nut_lasan",4407,0,"false","Lasan Nut",4,0.6,"cropAcorn,cropLasan,listAllnut"
"ChocoCraft Plus","chococraftplus:nut_luchile",4405,0,"false","Luchile Nut",2,0.6,"cropChestnut,cropFilbert,cropHazelnut,cropLuchile,cropRunchin,listAllnut"
"ChocoCraft Plus","chococraftplus:nut_param",4408,0,"false","Param Nut",5,0.6,"cropAlmond,cropParam,cropPram,listAllnut"
"ChocoCraft Plus","chococraftplus:nut_pipio",4404,0,"false","Pipio Nut",1,0.6,"cropPepio,cropPipio,listAllnut"
"ChocoCraft Plus","chococraftplus:nut_porov",4409,0,"false","Porov Bean",6,0.6,"cropBean,cropKidneybean,cropPorofu,cropPorov,listAllnut"
"ChocoCraft Plus","chococraftplus:nut_saraha",4406,0,"false","Saraha Bean",3,0.6,"cropBean,cropCoffee,cropSaraha,listAllnut"
"ChocoCraft Plus","chococraftplus:nut_zeio",4411,0,"false","Zeio Nut",8,0.6,"cropPeanut,cropZeio,listAllnut"
"ChocoCraft Plus","chococraftplus:raw_chocobo_leg",4376,0,"false","Raw Chocobo Leg",4,0.6,"foodChocoboraw,foodOstrichraw,foodTurkeyraw,listAllchocoboraw,listAllmeatraw,listAllostrichraw,listAllturkeyraw"
"ChocoCraft Plus","chococraftplus:veg_cree",4400,0,"false","Cree Root",5,0.2,"cropCree,cropCuriel,cropKurie,cropParsnip,listAllrootveggie,listAllveggie"
"ChocoCraft Plus","chococraftplus:veg_gysahl",4396,0,"false","Gysahl Carrot",1,0.2,"cropCarrot,cropGysahl,listAllrootveggie,listAllveggie"
"ChocoCraft Plus","chococraftplus:veg_krakka",4397,0,"false","Krakka Root",2,0.2,"cropKaraka,cropKrakka,cropRadish,cropRutabaga,cropTurnip,listAllrootveggie,listAllveggie"
"ChocoCraft Plus","chococraftplus:veg_mimett",4401,0,"false","Mimett Fruit",7,0.2,"cropGourd,cropMemit,cropMemmet,cropMimett,cropPumpkin,cropSamolen,listAllfruit"
"ChocoCraft Plus","chococraftplus:veg_pasana",4399,0,"false","Pasana Fruit",4,0.2,"cropApple,cropPahsana,cropPasana,listAllfruit"
"ChocoCraft Plus","chococraftplus:veg_reagan",4402,0,"false","Reagan Veggie",6,0.2,"cropBellpepper,cropReagan,cropRegan,listAllpepper,listAllveggie"
"ChocoCraft Plus","chococraftplus:veg_sylkis",4403,0,"false","Sylkis Bud",8,0.2,"cropCaper,cropSylkis,listAllherb,listAllveggie"
"ChocoCraft Plus","chococraftplus:veg_tantal",4398,0,"false","Tantal Veggie",3,0.2,"cropEggplant,cropTantal,listAllveggie"
"Deep Below","mimicfish:esca",9884,0,"false","Esca",1,0.0,""
"Defiled Lands","defiledlands:black_heart",8099,0,"false","Black Heart",4,0.1,""
"Defiled Lands","defiledlands:book_wyrm_cooked",8103,0,"false","Cooked Book Wyrm",8,0.8,"listAllmeatcooked"
"Defiled Lands","defiledlands:book_wyrm_raw",8102,0,"false","Raw Book Wyrm",3,0.3,"listAllmeatraw"
"Defiled Lands","defiledlands:foul_candy",8101,0,"false","Foul Candy",2,0.1,""
"Defiled Lands","defiledlands:scuttler_eye",8098,0,"false","Scuttler Eye",2,0.8,""
"End Expansion","ee:bug_food",9406,0,"false","Parasite Flesh",8,2.0,""
"End Expansion","ee:heal_food",9418,0,"false","Turium Bulb",2,1.0,""
"End Expansion","ee:madness_berries",9439,0,"false","Spirit Berries",4,2.0,""
"Exotic Birds","exoticbirds:birdmeat",8455,0,"false","Raw Bird Meat",1,0.3,""
"Exotic Birds","exoticbirds:cooked_birdmeat",8456,0,"false","Cooked Bird Meat",3,0.6,""
"ExplorerCraft","explorercraft:cawl_bowl",8515,0,"false","Cawl",16,0.6,"cawl"
"ExplorerCraft","explorercraft:cheese",8506,0,"false","Cheese",2,0.1,"cheese"
"ExplorerCraft","explorercraft:dried_fruits",8505,0,"false","Dried Fruits",2,0.1,"driedFruits"
"ExplorerCraft","explorercraft:lamb_shank",8509,0,"false","Raw Lamb Shank",2,0.3,"lambShank"
"ExplorerCraft","explorercraft:lamb_shank_cooked",8510,0,"false","Lamb Shank",7,0.8,"lambShankCooked"
"ExplorerCraft","explorercraft:leek",8512,0,"false","Leek",2,0.4,"leek"
"ExplorerCraft","explorercraft:leek_bowl",8514,0,"false","Leek Soup",8,0.6,"leekBowl"
"ExplorerCraft","explorercraft:noctiluca",8511,0,"false","Noctiluca",2,0.1,""
"ExplorerCraft","explorercraft:rice_bowl",8513,0,"false","Bowl of Rice",8,0.6,"riceBowl"
"ExplorerCraft","explorercraft:welsh_cakes",8507,0,"false","Welsh Cakes",6,0.6,"welshCakes"
"ExplorerCraft","explorercraft:welsh_rarebit",8508,0,"false","Welsh Rarebit",5,0.6,"welshRarebit"
"Familiar Fauna","familiarfauna:turkey_leg_cooked",4430,0,"false","Cooked Turkey Leg",5,0.5,"cookedTurkey,foodTurkeycooked,listAllmeatcooked,listAllturkeycooked"
"Familiar Fauna","familiarfauna:turkey_leg_raw",4429,0,"false","Raw Turkey Leg",1,0.25,"foodTurkeyraw,listAllmeatraw,listAllturkeyraw,rawTurkey"
"Familiar Fauna","familiarfauna:venison_cooked",4432,0,"false","Cooked Venison",8,0.8,"cookedVenison,foodVenisoncooked,listAllmeatcooked,listAllvenisoncooked"
"Familiar Fauna","familiarfauna:venison_raw",4431,0,"false","Raw Venison",3,0.3,"foodVenisonraw,listAllmeatraw,listAllvenisonraw,rawVenison"
"Farmer's Delight Legacy","farmersdelight:apple_cider",8814,0,"false","Apple Cider",4,0.4,""
"Farmer's Delight Legacy","farmersdelight:apple_pie_slice",8839,0,"false","Slice of Apple Pie",3,0.3,""
"Farmer's Delight Legacy","farmersdelight:bacon",8825,0,"false","Raw Bacon",2,0.3,"dogPrey,listAllporkraw"
"Farmer's Delight Legacy","farmersdelight:bacon_and_eggs",8870,0,"false","Bacon and Eggs",10,0.6,""
"Farmer's Delight Legacy","farmersdelight:bacon_sandwich",8851,0,"false","Bacon Sandwich",10,0.8,""
"Farmer's Delight Legacy","farmersdelight:baked_cod_stew",8868,0,"false","Baked Cod Stew",14,0.75,""
"Farmer's Delight Legacy","farmersdelight:barbecue_stick",8847,0,"false","Barbecue on a Stick",8,0.9,""
"Farmer's Delight Legacy","farmersdelight:beef_patty",8822,0,"false","Beef Patty",4,0.8,""
"Farmer's Delight Legacy","farmersdelight:beef_stew",8862,0,"false","Beef Stew",12,0.8,""
"Farmer's Delight Legacy","farmersdelight:bone_broth",8861,0,"false","Bone Broth",8,0.7,""
"Farmer's Delight Legacy","farmersdelight:cabbage",8813,0,"false","Cabbage",2,0.4,"cropCabbage,listAllveggie"
"Farmer's Delight Legacy","farmersdelight:cabbage_leaf",8820,0,"false","Cabbage Leaf",1,0.4,"cropCabbage"
"Farmer's Delight Legacy","farmersdelight:cabbage_rolls",8855,0,"false","Cabbage Rolls",5,0.5,""
"Farmer's Delight Legacy","farmersdelight:cake_slice",8838,0,"false","Slice of Cake",2,0.1,""
"Farmer's Delight Legacy","farmersdelight:chicken_cuts",8823,0,"false","Raw Chicken Cuts",1,0.3,"cabbageRoolIngredients,listAllchickenraw"
"Farmer's Delight Legacy","farmersdelight:chicken_sandwich",8849,0,"false","Chicken Sandwich",10,0.8,""
"Farmer's Delight Legacy","farmersdelight:chicken_soup",8865,0,"false","Chicken Soup",14,0.75,""
"Farmer's Delight Legacy","farmersdelight:chocolate_pie_slice",8841,0,"false","Slice of Chocolate Pie",3,0.3,""
"Farmer's Delight Legacy","farmersdelight:cod_roll",8857,0,"false","Cod Roll",7,0.6,""
"Farmer's Delight Legacy","farmersdelight:cod_slice",8827,0,"false","Raw Cod Slice",1,0.1,"listAllfishraw,rawOrSlicedCod"
"Farmer's Delight Legacy","farmersdelight:cooked_bacon",8826,0,"false","Cooked Bacon",4,0.8,""
"Farmer's Delight Legacy","farmersdelight:cooked_chicken_cuts",8824,0,"false","Cooked Chicken Cuts",3,0.6,""
"Farmer's Delight Legacy","farmersdelight:cooked_cod_slice",8828,0,"false","Cooked Cod Slice",3,0.5,""
"Farmer's Delight Legacy","farmersdelight:cooked_mutton_chops",8832,0,"false","Cooked Mutton Chops",3,0.8,""
"Farmer's Delight Legacy","farmersdelight:cooked_rice",8860,0,"false","Cooked Rice",6,0.4,""
"Farmer's Delight Legacy","farmersdelight:cooked_salmon_slice",8830,0,"false","Cooked Salmon Slice",3,0.8,""
"Farmer's Delight Legacy","farmersdelight:dog_food",8889,0,"false","Dog Food",6,0.6,""
"Farmer's Delight Legacy","farmersdelight:dumplings",8853,0,"false","Dumplings",8,0.8,""
"Farmer's Delight Legacy","farmersdelight:egg_sandwich",8848,0,"false","Egg Sandwich",8,0.8,""
"Farmer's Delight Legacy","farmersdelight:fish_stew",8864,0,"false","Fish Stew",12,0.8,""
"Farmer's Delight Legacy","farmersdelight:fried_egg",8815,0,"false","Fried Egg",4,0.4,""
"Farmer's Delight Legacy","farmersdelight:fried_rice",8866,0,"false","Fried Rice",14,0.75,""
"Farmer's Delight Legacy","farmersdelight:fruit_salad",8843,0,"false","Fruit Salad",6,0.6,""
"Farmer's Delight Legacy","farmersdelight:glow_berry_custard",8844,0,"false","Glow Berry Custard",7,0.6,""
"Farmer's Delight Legacy","farmersdelight:grilled_salmon",8876,0,"false","Grilled Salmon",14,0.75,""
"Farmer's Delight Legacy","farmersdelight:ham",8833,0,"false","Ham",5,0.3,""
"Farmer's Delight Legacy","farmersdelight:hamburger",8850,0,"false","Hamburger",11,0.8,""
"Farmer's Delight Legacy","farmersdelight:honey_cookie",8836,0,"false","Honey Cookie",2,0.1,""
"Farmer's Delight Legacy","farmersdelight:honey_glazed_ham",8882,0,"false","Plate of Honey Glazed Ham",14,0.75,""
"Farmer's Delight Legacy","farmersdelight:horse_feed",8890,0,"false","Horse Feed",8,0.8,""
"Farmer's Delight Legacy","farmersdelight:hot_cocoa",8885,0,"false","Hot Cocoa",4,0.4,""
"Farmer's Delight Legacy","farmersdelight:kelp_roll",8858,0,"false","Kelp Roll",12,0.6,""
"Farmer's Delight Legacy","farmersdelight:kelp_roll_slice",8859,0,"false","Kelp Roll Slice",6,0.5,""
"Farmer's Delight Legacy","farmersdelight:melon_juice",8886,0,"false","Melon Juice",4,0.4,""
"Farmer's Delight Legacy","farmersdelight:melon_popsicle",8837,0,"false","Melon Popsicle",3,0.2,""
"Farmer's Delight Legacy","farmersdelight:milk_bottle",8884,0,"false","Milk Bottle",4,0.4,"listAllmilk"
"Farmer's Delight Legacy","farmersdelight:minced_beef",8821,0,"false","Minced Beef",2,0.3,"dumplingFilling,listAllbeefraw,rawOrMincedBeef"
"Farmer's Delight Legacy","farmersdelight:mixed_salad",8845,0,"false","Mixed Salad",6,0.6,""
"Farmer's Delight Legacy","farmersdelight:mushroom_rice",8875,0,"false","Mushroom Rice",12,0.8,""
"Farmer's Delight Legacy","farmersdelight:mutton_chops",8831,0,"false","Raw Mutton Chops",1,0.3,"cabbageRoolIngredients,listAllmuttonraw"
"Farmer's Delight Legacy","farmersdelight:mutton_wrap",8852,0,"false","Mutton Wrap",10,0.8,""
"Farmer's Delight Legacy","farmersdelight:nether_salad",8846,0,"false","Nether Salad",5,0.4,""
"Farmer's Delight Legacy","farmersdelight:noodle_soup",8869,0,"false","Noodle Soup",14,0.75,""
"Farmer's Delight Legacy","farmersdelight:onion",8810,0,"false","Onion",2,0.4,"cropOnion,listAllveggie"
"Farmer's Delight Legacy","farmersdelight:pasta_with_meatballs",8873,0,"false","Pasta with Meatballs",12,0.8,""
"Farmer's Delight Legacy","farmersdelight:pasta_with_mutton_chop",8874,0,"false","Pasta with Mutton Chop",12,0.8,""
"Farmer's Delight Legacy","farmersdelight:pie_crust",8818,0,"false","Pie Crust",2,0.2,""
"Farmer's Delight Legacy","farmersdelight:pumpkin_pie_slice",8842,0,"false","Slice of Pumpkin Pie",3,0.3,""
"Farmer's Delight Legacy","farmersdelight:pumpkin_slice",8819,0,"false","Pumpkin Slice",3,0.3,"pumpkinOrSlice"
"Farmer's Delight Legacy","farmersdelight:pumpkin_soup",8867,0,"false","Pumpkin Soup",14,0.75,""
"Farmer's Delight Legacy","farmersdelight:ratatouille",8871,0,"false","Ratatouille",10,0.6,""
"Farmer's Delight Legacy","farmersdelight:raw_pasta",8817,0,"false","Raw Pasta",2,0.3,"foodPasta,pastaOrDough"
"Farmer's Delight Legacy","farmersdelight:roast_chicken",8880,0,"false","Plate of Roast Chicken",14,0.75,""
"Farmer's Delight Legacy","farmersdelight:roasted_mutton_chops",8877,0,"false","Roasted Mutton Chops",14,0.75,""
"Farmer's Delight Legacy","farmersdelight:salmon_roll",8856,0,"false","Salmon Roll",7,0.6,""
"Farmer's Delight Legacy","farmersdelight:salmon_slice",8829,0,"false","Raw Salmon Slice",1,0.1,"dogPrey,listAllfishraw,rawOrSlicedSalmon"
"Farmer's Delight Legacy","farmersdelight:shepherds_pie",8883,0,"false","Plate of Shepherd's Pie",14,0.75,""
"Farmer's Delight Legacy","farmersdelight:smoked_ham",8834,0,"false","Smoked Ham",10,0.8,""
"Farmer's Delight Legacy","farmersdelight:squid_ink_pasta",8879,0,"false","Squid Ink Pasta",14,0.75,""
"Farmer's Delight Legacy","farmersdelight:steak_and_potatoes",8872,0,"false","Steak and Potatoes",12,0.8,""
"Farmer's Delight Legacy","farmersdelight:stuffed_potato",8854,0,"false","Stuffed Potato",10,0.7,""
"Farmer's Delight Legacy","farmersdelight:stuffed_pumpkin",8881,0,"false","Bowl of Stuffed Pumpkin",14,0.75,""
"Farmer's Delight Legacy","farmersdelight:sweet_berry_cheesecake_slice",8840,0,"false","Slice of Sweet Berry Cheesecake",3,0.3,""
"Farmer's Delight Legacy","farmersdelight:sweet_berry_cookie",8835,0,"false","Sweet Berry Cookie",2,0.1,""
"Farmer's Delight Legacy","farmersdelight:tomato",8807,0,"false","Tomato",1,0.3,"cropTomato,listAllveggie,tomatoOrSauce"
"Farmer's Delight Legacy","farmersdelight:tomato_sauce",8887,0,"false","Tomato Sauce",4,0.4,"tomatoOrSauce"
"Farmer's Delight Legacy","farmersdelight:vegetable_noodles",8878,0,"false","Vegetable Noodles",14,0.75,""
"Farmer's Delight Legacy","farmersdelight:vegetable_soup",8863,0,"false","Vegetable Soup",12,0.8,""
"Farmer's Delight Legacy","farmersdelight:wheat_dough",8816,0,"false","Wheat Dough",2,0.3,"foodDough,pastaOrDough"
"Fish's Undead Rising","mod_lavacow:baobing",9002,0,"false","Baobing",10,1.2,""
"Fish's Undead Rising","mod_lavacow:bonestew",8982,0,"false","Bone Stew",10,1.2,""
"Fish's Undead Rising","mod_lavacow:cactus_fruit",9000,0,"false","Prickly Pear",4,0.2,""
"Fish's Undead Rising","mod_lavacow:canebeef",8900,0,"false","Caned Beef",6,0.5,""
"Fish's Undead Rising","mod_lavacow:canepork",8901,0,"false","Caned Pork",6,0.5,""
"Fish's Undead Rising","mod_lavacow:canerottenmeat",8902,0,"false","Caned Rotten Flesh",4,0.4,""
"Fish's Undead Rising","mod_lavacow:cheirolepis",8909,0,"false","Raw Cheirolepis",2,0.1,"listAllfishraw"
"Fish's Undead Rising","mod_lavacow:cheirolepis_cooked",8910,0,"false","Cooked Cheirolepis",6,0.8,"listAllfishcooked"
"Fish's Undead Rising","mod_lavacow:crabcake",8973,0,"false","Crab Cake",8,0.9,""
"Fish's Undead Rising","mod_lavacow:diseased_bread",9025,0,"false","Diseased Bread",7,0.6,""
"Fish's Undead Rising","mod_lavacow:enigmoth_larva_item",9028,0,"false","Raw Enigmoth Caterpillar",2,0.3,""
"Fish's Undead Rising","mod_lavacow:enigmoth_larva_item_cooked",9029,0,"false","Cooked Enigmoth Caterpillar",6,0.6,""
"Fish's Undead Rising","mod_lavacow:frozenthigh",8916,0,"false","Frozen Thigh",10,1.2,""
"Fish's Undead Rising","mod_lavacow:ghost_swarmer_item",9018,0,"false","Ghost Swarmer",2,0.1,""
"Fish's Undead Rising","mod_lavacow:ghostjelly",8975,0,"false","Ghost Jelly",9,1.2,""
"Fish's Undead Rising","mod_lavacow:green_bacon_and_eggs",8928,0,"false","Green Bacon & Eggs",10,1.2,"foodBaconandeggs,foodGreeneggsandham"
"Fish's Undead Rising","mod_lavacow:kung_pao_chicken",9003,0,"false","Kung Pao Chicken",10,1.2,""
"Fish's Undead Rising","mod_lavacow:lamprey",9034,0,"false","Raw Lamprey",2,0.1,"listAllfishraw"
"Fish's Undead Rising","mod_lavacow:lamprey_cooked",9035,0,"false","Cooked Lamprey",6,0.8,"listAllfishcooked"
"Fish's Undead Rising","mod_lavacow:lamprey_kabayaki",9036,0,"false","Lamprey Kabayaki",9,1.2,""
"Fish's Undead Rising","mod_lavacow:meatball",8912,0,"false","Meatball",2,0.6,"foodSwedishmeatballs"
"Fish's Undead Rising","mod_lavacow:mimic_claw",8933,0,"false","Raw Mimicrab Claw",3,0.3,"foodCrabraw"
"Fish's Undead Rising","mod_lavacow:mimic_claw_cooked",8934,0,"false","Baked Mimicrab Claw",8,0.8,"foodCrabcooked"
"Fish's Undead Rising","mod_lavacow:mousse",8911,0,"false","Raw Minced Meat",3,0.1,""
"Fish's Undead Rising","mod_lavacow:mummified_cod",9032,0,"false","Mummified Cod",2,0.1,""
"Fish's Undead Rising","mod_lavacow:netherstew",8899,0,"false","Nether Stew",8,0.8,""
"Fish's Undead Rising","mod_lavacow:parasite_item",8905,0,"true","Raw Parasite",2,0.3,""
"Fish's Undead Rising","mod_lavacow:parasite_item",8905,1,"true","Raw Parasite",2,0.3,""
"Fish's Undead Rising","mod_lavacow:parasite_item",8905,2,"true","Raw Parasite",2,0.3,""
"Fish's Undead Rising","mod_lavacow:parasite_item_cooked",8906,0,"false","Cooked Parasite",6,0.6,""
"Fish's Undead Rising","mod_lavacow:pheromone_gland",9026,0,"false","Pheromone Gland",1,0.1,""
"Fish's Undead Rising","mod_lavacow:piranha",8907,0,"false","Raw Piranha",2,0.1,"listAllfishraw"
"Fish's Undead Rising","mod_lavacow:piranha_cooked",8908,0,"false","Cooked Piranha",6,0.8,"listAllfishcooked"
"Fish's Undead Rising","mod_lavacow:plagued_porkchop",8927,0,"false","Plagued Porkchop",3,0.3,"listAllmeatraw"
"Fish's Undead Rising","mod_lavacow:ptera_wing",8945,0,"true","Raw Ptera Wing",4,0.1,"listAllmeatraw"
"Fish's Undead Rising","mod_lavacow:ptera_wing",8945,1,"true","Raw Ptera Wing",4,0.1,"listAllmeatraw"
"Fish's Undead Rising","mod_lavacow:ptera_wing",8945,2,"true","Raw Ptera Wing",4,0.1,"listAllmeatraw"
"Fish's Undead Rising","mod_lavacow:ptera_wing",8945,3,"true","Raw Ptera Wing",4,0.1,"listAllmeatraw"
"Fish's Undead Rising","mod_lavacow:ptera_wing_cooked",8946,0,"false","Fried Ptera Wing",8,0.8,"foodHotwings,listAllmeatcooked"
"Fish's Undead Rising","mod_lavacow:sausage_roll",8951,0,"false","Sausage Roll",9,0.9,""
"Fish's Undead Rising","mod_lavacow:shattered_ice",8963,0,"false","Shattered Ice",1,1.8,""
"Fish's Undead Rising","mod_lavacow:zombiepiranha_item",8955,0,"false","Raw Swarmer",2,0.1,"listAllfishraw"
"Fish's Undead Rising","mod_lavacow:zombiepiranha_item_cooked",8956,0,"false","Cooked Swarmer",6,0.8,"listAllfishcooked"
"Fishing Made Better","fishingmadebetter:fish_slice_cooked",9074,0,"false","Cooked Fish Slice",6,0.8,""
"Fishing Made Better","fishingmadebetter:fish_slice_raw",9073,0,"false","Raw Fish Slice",2,0.1,""
"Food Expansion","foodexpansion:itembacon",9096,0,"false","Bacon",1,0.2,""
"Food Expansion","foodexpansion:itembaconandegg",9099,0,"false","Bacon and Egg",7,0.8,""
"Food Expansion","foodexpansion:itembatwing",9112,0,"false","Bat Wing",1,0.1,""
"Food Expansion","foodexpansion:itembeetrootnoodles",9123,0,"false","Beetroot Noodles",6,0.6,""
"Food Expansion","foodexpansion:itemblazecream",9114,0,"false","Blaze Cream Soup",4,0.4,""
"Food Expansion","foodexpansion:itemcactusfruit",9107,0,"false","Cactus Fruit",1,0.1,""
"Food Expansion","foodexpansion:itemcarrotpie",9111,0,"false","Carrot Cake",8,0.8,""
"Food Expansion","foodexpansion:itemcarrotseedsoup",9100,0,"false","Carrot Soup",8,0.8,""
"Food Expansion","foodexpansion:itemchocolatebar",9104,0,"false","Chocolate Bar",8,1.0,""
"Food Expansion","foodexpansion:itemcompressedflesh",9103,0,"false","Dried Flesh",6,0.2,""
"Food Expansion","foodexpansion:itemcookedbacon",9097,0,"false","Crispy Bacon",3,0.4,""
"Food Expansion","foodexpansion:itemcookedbatwing",9113,0,"false","Cooked Bat Wing",3,0.2,""
"Food Expansion","foodexpansion:itemcookedhorsemeat",9109,0,"false","Cooked Horse Meat",8,0.8,""
"Food Expansion","foodexpansion:itemcookedllamameat",9127,0,"false","Llama Steak",7,0.8,""
"Food Expansion","foodexpansion:itemcookedmushroom",9110,0,"false","Cooked Mushroom",2,0.2,""
"Food Expansion","foodexpansion:itemcookedocelotmeat",9121,0,"false","Cooked Ocelot Meat",6,0.7,""
"Food Expansion","foodexpansion:itemcookedparrotmeat",9125,0,"false","Cooked Parrot",6,0.7,""
"Food Expansion","foodexpansion:itemcookedpolarbearmeat",9129,0,"false","Polar Bear Steak",8,0.8,""
"Food Expansion","foodexpansion:itemcookedsquid",9102,0,"false","Cooked Squid",3,0.5,""
"Food Expansion","foodexpansion:itemcookedwolfmeat",9119,0,"false","Cooked Wolf Meat",6,0.7,""
"Food Expansion","foodexpansion:itemfriedegg",9098,0,"false","Fried Egg",2,0.3,""
"Food Expansion","foodexpansion:itemhorsemeat",9108,0,"false","Horse Meat",3,0.3,""
"Food Expansion","foodexpansion:itemjelly",9095,0,"false","Green Jelly",4,0.6,""
"Food Expansion","foodexpansion:itemllamameat",9126,0,"false","Raw Llama",2,0.3,""
"Food Expansion","foodexpansion:itemlollipop",9122,0,"false","Lollipop",4,0.5,""
"Food Expansion","foodexpansion:itemmelonsalad",9115,0,"false","Melon Salad",6,0.6,""
"Food Expansion","foodexpansion:itemnetherwartsoup",9106,0,"false","Nether Wart Stew",4,0.4,""
"Food Expansion","foodexpansion:itemocelotmeat",9120,0,"false","Ocelot Meat",2,0.3,""
"Food Expansion","foodexpansion:itemparrotmeat",9124,0,"false","Raw Parrot",2,0.3,""
"Food Expansion","foodexpansion:itempolarbearmeat",9128,0,"false","Raw Polar Bear",3,0.3,""
"Food Expansion","foodexpansion:itemroastedseed",9116,0,"false","Roasted Seed",1,0.1,""
"Food Expansion","foodexpansion:itemspidersoup",9105,0,"false","Spider Eye Stew",3,0.4,""
"Food Expansion","foodexpansion:itemsquid",9101,0,"false","Raw Squid",1,0.2,""
"Food Expansion","foodexpansion:itemwolfmeat",9118,0,"false","Wolf Meat",2,0.3,""
"Future MC","futuremc:honey_bottle",9136,0,"false","Honey Bottle",6,0.8,"dropHoney,foodHoneydrop,listAllsugar"
"Future MC","futuremc:suspicious_stew",9137,0,"false","Suspicious Stew",6,0.6,""
"Grimoire of Gaia 3","grimoireofgaia:food_coalfish",9224,0,"false","Coalfish",4,0.4,""
"Grimoire of Gaia 3","grimoireofgaia:food_honey",9226,0,"false","Honeydew",4,0.4,""
"Grimoire of Gaia 3","grimoireofgaia:food_mandrake",9228,0,"false","Mandrake",0,0.0,""
"Grimoire of Gaia 3","grimoireofgaia:food_meat",9221,0,"false","Meat",6,1.2,""
"Grimoire of Gaia 3","grimoireofgaia:food_monster_feed",9230,0,"false","Monster Feed",2,0.2,""
"Grimoire of Gaia 3","grimoireofgaia:food_monster_feed_premium",9231,0,"false","Premium Monster Feed",4,0.6,""
"Grimoire of Gaia 3","grimoireofgaia:food_nether_wart",9225,0,"false","Nether Wart Jam",4,0.4,"cropNetherWart"
"Grimoire of Gaia 3","grimoireofgaia:food_pie_apple_gold",9234,0,"false","Golden Apple Pie",12,0.8,""
"Grimoire of Gaia 3","grimoireofgaia:food_pie_mandrake",9232,0,"false","Mandrake Pie",8,0.8,""
"Grimoire of Gaia 3","grimoireofgaia:food_pie_meat",9233,0,"false","Fish Pie",8,0.8,""
"Grimoire of Gaia 3","grimoireofgaia:food_root",9223,0,"false","Taproot",0,0.0,""
"Grimoire of Gaia 3","grimoireofgaia:food_rotten_heart",9222,0,"false","Rotten Heart",4,0.0,""
"Grimoire of Gaia 3","grimoireofgaia:food_small_apple_gold",9227,0,"false","Golden Apple Pie Slice",1,0.4,""
"Grimoire of Gaia 3","grimoireofgaia:food_wither",9229,0,"false","Withered Brain",8,0.8,""
"Ice and Fire: RotN Edition","iceandfire:ambrosia",6977,0,"false","Ambrosia",5,0.6,""
"Ice and Fire: RotN Edition","iceandfire:fire_dragon_flesh",6952,0,"false","Fire Dragon Flesh",8,0.8,""
"Ice and Fire: RotN Edition","iceandfire:ice_dragon_flesh",6953,0,"false","Ice Dragon Flesh",8,0.8,""
"Ice and Fire: RotN Edition","iceandfire:lightning_dragon_flesh",7113,0,"false","Lightning Dragon Flesh",8,0.8,""
"Ice and Fire: RotN Edition","iceandfire:pixie_dust",6974,0,"false","Pixie Dust",1,0.3,""
"Inspirations","inspirations:edibles",9321,0,"true","Heartbeet",2,2.4,""
"Inspirations","inspirations:potato_soup",9365,0,"false","Potato Soup",8,0.6,""
"Minecraft","minecraft:apple",260,0,"false","Apple",4,0.3,""
"Minecraft","minecraft:baked_potato",393,0,"false","Baked Potato",5,0.6,"potatoOrBaked"
"Minecraft","minecraft:beef",363,0,"false","Raw Beef",3,0.3,"cabbageRoolIngredients,dumplingFilling,foodMeat,listAllbeefraw,listAllmeatraw,rawOrMincedBeef"
"Minecraft","minecraft:beetroot",434,0,"false","Beetroot",1,0.6,"cabbageRoolIngredients,cropBeetroot,foodVegetable,listAllveggie"
"Minecraft","minecraft:beetroot_soup",436,0,"false","Beetroot Soup",6,0.6,""
"Minecraft","minecraft:bread",297,0,"false","Bread",5,0.6,""
"Minecraft","minecraft:carrot",391,0,"false","Carrot",3,0.6,"cabbageRoolIngredients,cropCarrot,foodVegetable,listAllveggie,mushroomRiceIngredients"
"Minecraft","minecraft:chicken",365,0,"false","Raw Chicken",2,0.3,"cabbageRoolIngredients,dogPrey,dumplingFilling,foodMeat,listAllchickenraw,listAllmeatraw"
"Minecraft","minecraft:chorus_fruit",432,0,"false","Chorus Fruit",4,0.3,""
"Minecraft","minecraft:cooked_beef",364,0,"false","Steak",8,0.8,"foodMeat"
"Minecraft","minecraft:cooked_chicken",366,0,"false","Cooked Chicken",6,0.6,"foodMeat"
"Minecraft","minecraft:cooked_fish",350,0,"true","Cooked Fish",5,0.6,""
"Minecraft","minecraft:cooked_fish",350,1,"true","Cooked Salmon",6,0.8,""
"Minecraft","minecraft:cooked_mutton",424,0,"false","Cooked Mutton",6,0.8,"foodMeat"
"Minecraft","minecraft:cooked_porkchop",320,0,"false","Cooked Porkchop",8,0.8,"foodMeat"
"Minecraft","minecraft:cooked_rabbit",412,0,"false","Cooked Rabbit",5,0.6,"foodMeat"
"Minecraft","minecraft:cookie",357,0,"false","Cookie",2,0.1,""
"Minecraft","minecraft:fish",349,0,"true","Raw Fish",2,0.1,"cabbageRoolIngredients,fish,rawOrSlicedCod"
"Minecraft","minecraft:fish",349,1,"true","Raw Salmon",2,0.1,"cabbageRoolIngredients,fish,listAllfishraw,rawOrSlicedSalmon"
"Minecraft","minecraft:fish",349,2,"true","Clownfish",1,0.1,"cabbageRoolIngredients,fish,listAllfishraw"
"Minecraft","minecraft:fish",349,3,"true","Pufferfish",1,0.1,"fish"
"Minecraft","minecraft:golden_apple",322,0,"true","Golden Apple",4,1.2,""
"Minecraft","minecraft:golden_apple",322,1,"true","Golden Apple",4,1.2,""
"Minecraft","minecraft:golden_carrot",396,0,"false","Golden Carrot",6,1.2,""
"Minecraft","minecraft:melon",360,0,"false","Melon",2,0.3,""
"Minecraft","minecraft:mushroom_stew",282,0,"false","Mushroom Stew",6,0.6,""
"Minecraft","minecraft:mutton",423,0,"false","Raw Mutton",2,0.3,"cabbageRoolIngredients,dogPrey,dumplingFilling,foodMeat,listAllmeatraw,listAllmuttonraw"
"Minecraft","minecraft:poisonous_potato",394,0,"false","Poisonous Potato",2,0.3,""
"Minecraft","minecraft:porkchop",319,0,"false","Raw Porkchop",3,0.3,"cabbageRoolIngredients,dumplingFilling,foodMeat,listAllmeatraw,listAllporkraw"
"Minecraft","minecraft:potato",392,0,"false","Potato",1,0.3,"cabbageRoolIngredients,cropPotato,foodVegetable,listAllveggie,mushroomRiceIngredients,potatoOrBaked"
"Minecraft","minecraft:pumpkin_pie",400,0,"false","Pumpkin Pie",8,0.3,""
"Minecraft","minecraft:rabbit",411,0,"false","Raw Rabbit",3,0.3,"dogPrey,dumplingFilling,foodMeat"
"Minecraft","minecraft:rabbit_stew",413,0,"false","Rabbit Stew",10,0.6,""
"Minecraft","minecraft:rotten_flesh",367,0,"false","Rotten Flesh",4,0.1,""
"Minecraft","minecraft:spider_eye",375,0,"false","Spider Eye",2,0.8,""
"Mowzie's Mobs","mowziesmobs:glowing_jelly",9900,0,"false","Luminous Jelly",1,0.1,""
"Mystical World","mysticalworld:aubergine",13579,0,"false","Aubergine",4,0.6,"cropAubergine,cropEggplant,foodEggplant,ingredientKebabMain,ingredientVegNugget,listAllveggie"
"Mystical World","mysticalworld:aubergine_salad",13567,0,"false","Aubergine Salad",3,0.4,""
"Mystical World","mysticalworld:beetroot_salad",13565,0,"false","Beetroot Salad",2,0.6,""
"Mystical World","mysticalworld:cactus_dandelion_salad",13566,0,"false","Cactus Dandelion Salad",3,0.4,""
"Mystical World","mysticalworld:cooked_aubergine",13580,0,"false","Cooked Aubergine",5,0.6,"foodGrilledeggplant"
"Mystical World","mysticalworld:cooked_beetroot",13563,0,"false","Cooked Beetroot",4,0.8,""
"Mystical World","mysticalworld:cooked_carrot",13564,0,"false","Cooked Carrot",4,0.6,""
"Mystical World","mysticalworld:cooked_seeds",13574,0,"false","Toasted Seeds",1,0.4,""
"Mystical World","mysticalworld:cooked_squid",13560,0,"false","Cooked Squid",3,0.6,"foodCalamaricooked,foodGoodMeatCooked,foodProteinCooked,ingredientChowderFill,ingredientKebabSeafood,listAllfishcooked"
"Mystical World","mysticalworld:cooked_venison",13559,0,"false","Cooked Venison",7,0.6,"foodGoodMeatCooked,foodNativeGameMeatCooked,foodProteinCooked,foodRedMeatCooked,foodVenisoncooked,listAllmeatcooked,listAllvenisoncooked"
"Mystical World","mysticalworld:epic_squid",13561,0,"false","Epic Squid",20,0.6,""
"Mystical World","mysticalworld:fish_and_chips",13562,0,"false","Fish & Chips",10,0.8,""
"Mystical World","mysticalworld:raw_squid",13558,0,"false","Raw Squid",1,0.6,"foodCalamariraw,foodGoodMeat,ingredientKebabAdventure,listAllfishfresh,listAllfishraw"
"Mystical World","mysticalworld:stewed_eggplant",13568,0,"false","Stewed Eggplant",6,0.8,""
"Mystical World","mysticalworld:stuffed_aubergine",13581,0,"false","Stuffed Aubergine",10,0.6,""
"Mystical World","mysticalworld:venison",13557,0,"false","Venison",3,0.6,"foodGoodMeat,foodRedMeat,foodVenisonraw,ingredientKebabAdventure,listAllmeatraw,listAllvenisonraw"
"Natura Legacy","natura:berry_medley",5888,0,"false","Berry Medley",5,1.4,""
"Natura Legacy","natura:edibles",5885,0,"true","Raw Imp",3,0.2,""
"Natura Legacy","natura:edibles",5885,1,"true","Cooked Imp",8,0.6,""
"Natura Legacy","natura:edibles",5885,2,"true","Raspberry",1,0.4,"cropRaspberry,listAllberry,listAllfruit"
"Natura Legacy","natura:edibles",5885,3,"true","Blueberry",1,0.4,"cropBlueberry,listAllberry,listAllfruit"
"Natura Legacy","natura:edibles",5885,4,"true","Blackberry",1,0.4,"cropBlackberry,listAllberry,listAllfruit"
"Natura Legacy","natura:edibles",5885,5,"true","Maloberry",1,0.4,"cropMaloberry,listAllberry,listAllfruit"
"Natura Legacy","natura:edibles",5885,6,"true","Blightberry",1,0.4,"cropBlightberry,listAllberry,listAllfruit"
"Natura Legacy","natura:edibles",5885,7,"true","Duskberry",1,0.4,"cropDuskberry,listAllberry,listAllfruit"
"Natura Legacy","natura:edibles",5885,8,"true","Skyberry",1,0.4,"cropSkyberry,listAllberry,listAllfruit"
"Natura Legacy","natura:edibles",5885,9,"true","Stingberry",1,0.4,"cropStingberry,listAllberry,listAllfruit"
"Natura Legacy","natura:edibles",5885,10,"true","Potash Apple",4,0.4,""
"Natura Legacy","natura:edibles",5885,11,"true","Cactus Juice",1,0.1,""
"Natura Legacy","natura:glowshroom_stew",5889,0,"false","Glowshroom Stew",6,0.6,""
"Natura Legacy","natura:saguaro_fruit_item",5945,0,"false","Saguaro Fruit",3,0.3,"cropCactusfruit,foodAllfruit"
"Oceanic Expanse","oe:blue_slime_ball",8641,0,"false","Tropical Slimeball",0,0.0,""
"Oceanic Expanse","oe:coconut_open",8642,0,"false","Cracked Coconut",3,0.6,"cropCoconut,foodCoconutmilk"
"Oceanic Expanse","oe:cooked_crab",8635,0,"false","Cooked Crab",6,0.6,""
"Oceanic Expanse","oe:cooked_lobster",8639,0,"false","Cooked Lobster",8,0.8,""
"Oceanic Expanse","oe:crab",8634,0,"false","Raw Crab",2,0.4,""
"Oceanic Expanse","oe:crab_bisque",8636,0,"false","Crab Bisque",10,0.8,""
"Oceanic Expanse","oe:dried_dulse",8644,0,"false","Dried Dulse",3,0.6,""
"Oceanic Expanse","oe:dried_kelp",8643,0,"false","Dried Kelp",1,0.6,"mayBeKelp"
"Oceanic Expanse","oe:lobster",8638,0,"false","Raw Lobster",3,0.15,""
"Oceanic Expanse","oe:lobster_bisque",8640,0,"false","Lobster Bisque",14,0.8,""
"Primitive Mobs","primitivemobs:cooked_dodo",10270,0,"false","Cooked Dodo",8,2.4,""
"Primitive Mobs","primitivemobs:dodo",10269,0,"false","Raw Dodo",4,1.2,""
"Project: Vibrant Journeys","pvj:cactus_salad",13270,0,"false","Cactus Salad",4,0.3,""
"Project: Vibrant Journeys","pvj:clam",13273,0,"false","Clam",1,0.2,""
"Project: Vibrant Journeys","pvj:clam_chowder",13275,0,"false","Clam Chowder",10,0.9,""
"Project: Vibrant Journeys","pvj:coconut_milk",13265,0,"false","Coconut Milk",1,0.05,""
"Project: Vibrant Journeys","pvj:cooked_duck",13272,0,"false","Cooked Duck",6,0.6,""
"Project: Vibrant Journeys","pvj:cooked_squid",13268,0,"false","Cooked Squid",7,0.7,""
"Project: Vibrant Journeys","pvj:cracked_coconut",13264,0,"false","Cracked Coconut",3,0.35,""
"Project: Vibrant Journeys","pvj:juniper_berries",13266,0,"false","Juniper Berries",3,0.2,""
"Project: Vibrant Journeys","pvj:mystical_beef",13293,0,"false","Mystical Beef",8,0.8,""
"Project: Vibrant Journeys","pvj:mystical_chicken",13294,0,"false","Mystical Chicken",6,0.6,""
"Project: Vibrant Journeys","pvj:mystical_cod",13296,0,"false","Mystical Cod",5,0.6,""
"Project: Vibrant Journeys","pvj:mystical_mutton",13295,0,"false","Mystical Mutton",6,0.8,""
"Project: Vibrant Journeys","pvj:mystical_porkchop",13292,0,"false","Mystical Porkchop",8,0.8,""
"Project: Vibrant Journeys","pvj:mystical_potato",13298,0,"false","Mystical Potato",5,0.6,""
"Project: Vibrant Journeys","pvj:mystical_rabbit",13299,0,"false","Mystical Rabbit",5,0.6,""
"Project: Vibrant Journeys","pvj:mystical_salmon",13297,0,"false","Mystical Salmon",5,0.6,""
"Project: Vibrant Journeys","pvj:raw_duck",13271,0,"false","Raw Duck",2,0.3,""
"Project: Vibrant Journeys","pvj:raw_squid",13267,0,"false","Raw Squid",2,0.3,""
"Project: Vibrant Journeys","pvj:steamed_clam_meat",13274,0,"false","Steamed Clam Meat",6,0.4,""
"Project: Vibrant Journeys","pvj:sugarcane_juice",13269,0,"false","Sugarcane Juice",2,0.1,""
"Quark","quark:cooked_crab_leg",5353,0,"false","Cooked Crab Leg",8,0.8,"foodCrabcooked"
"Quark","quark:cooked_frog_leg",5349,0,"false","Cooked Frog Leg",4,1.25,"foodFrogcooked"
"Quark","quark:crab_leg",5352,0,"false","Crab Leg",1,0.3,"foodCrabraw"
"Quark","quark:frog_leg",5348,0,"false","Frog Leg",2,0.3,"foodFrograw"
"Quark","quark:golden_frog_leg",5350,0,"false","Golden Frog Leg",4,2.5,""
"Quark","quark:root",5315,0,"false","Cave Root",3,0.4,""
"Quark","quark:root_flower",5319,0,"true","Blue Sprout",1,0.0,""
"Quark","quark:root_flower",5319,1,"true","Black Sprout",1,0.0,""
"Quark","quark:root_flower",5319,2,"true","White Sprout",1,0.0,""
"Rats: Rebirth of the Plague","rats:assorted_vegetables",10331,0,"false","Assorted Vegetables",7,0.3,""
"Rats: Rebirth of the Plague","rats:cheese",10320,0,"false","Cheese",3,0.5,"foodCheese"
"Rats: Rebirth of the Plague","rats:confit_byaldi",10383,0,"false","Confit Byaldi",100,10.0,""
"Rats: Rebirth of the Plague","rats:contaminated_food",10339,0,"false","Contaminated Food",2,0.5,""
"Rats: Rebirth of the Plague","rats:cooked_rat",10322,0,"false","Cooked Rat",5,0.6,"foodRatcooked,listAllmeatcooked"
"Rats: Rebirth of the Plague","rats:herb_bundle",10341,0,"false","Bundle of Sweet-Smelling Herbs",1,0.1,""
"Rats: Rebirth of the Plague","rats:plague_stew",10344,0,"false","Plague Stew",4,0.3,""
"Rats: Rebirth of the Plague","rats:potato_kinishes",10388,0,"false","Potato Knishes",100,10.0,""
"Rats: Rebirth of the Plague","rats:potato_pancake",10384,0,"false","Potato Pancake",4,0.5,""
"Rats: Rebirth of the Plague","rats:rat_burger",10332,0,"false","Rat Burger",8,1.0,""
"Rats: Rebirth of the Plague","rats:raw_rat",10321,0,"false","Raw Rat",3,0.3,"foodRatraw,listAllmeatraw"
"Rats: Rebirth of the Plague","rats:string_cheese",10329,0,"false","String Cheese",2,0.4,""
"Rats: Rebirth of the Plague","rats:treacle",10342,0,"false","Old Treacle",2,0.6,""
"Reliquary","xreliquary:glowing_bread",10219,0,"false","Glowing Bread",20,1.0,""
"Rustic","rustic:chili_pepper",4591,0,"false","Chili Pepper",3,0.4,"cropChilipepper,listAllpepper"
"Rustic","rustic:cloudsbluff",4574,0,"false","Cloudsbluff",2,0.2,""
"Rustic","rustic:core_root",4575,0,"false","Core Root",2,0.3,""
"Rustic","rustic:ghost_pepper",4592,0,"false","Ghost Pepper",4,0.7,""
"Rustic","rustic:ginseng",4576,0,"false","Ginseng Root",2,0.3,""
"Rustic","rustic:grapes",4595,0,"false","Grapes",3,0.3,"cropGrape,dyePurple,listAllberry,listAllfruit"
"Rustic","rustic:ironberries",4584,0,"false","Ironberries",2,0.4,"cropIronberry,dyeLightGray,listAllberry,listAllfruit"
"Rustic","rustic:marsh_mallow",4577,0,"false","Marsh Mallow Root",3,0.3,""
"Rustic","rustic:olives",4583,0,"false","Olives",1,0.4,"cropOlive,listAllfruit"
"Rustic","rustic:tomato",4589,0,"false","Tomato",4,0.4,"cropTomato,listAllveggie"
"Rustic","rustic:wildberries",4594,0,"false","Wildberries",2,0.5,"cropWildberry,dyeRed,listAllberry,listAllfruit"
"The Aether","aether_legacy:ambrosium_shard",12613,0,"false","Ambrosium Shard",0,0.6,"gemAmbrosium"
"The Aether","aether_legacy:blue_berry",12656,0,"false","Blue Berry",2,0.6,"cropBlueberry,listAllBerry,listAllFruit"
"The Aether","aether_legacy:burnt_cockatrice",12748,0,"false","Burnt Cockatrice",4,0.1,""
"The Aether","aether_legacy:candy_cane",12661,0,"false","Candy Cane",2,0.6,""
"The Aether","aether_legacy:cockatrice",12747,0,"false","Raw Cockatrice",2,0.1,""
"The Aether","aether_legacy:cooked_enchanted_cockatrice",12750,0,"false","Cooked Enchanted Cockatrice",10,0.8,""
"The Aether","aether_legacy:enchanted_blueberry",12657,0,"false","Enchanted Berry",8,0.6,"cropBlueberryEnchanted"
"The Aether","aether_legacy:enchanted_cockatrice",12749,0,"false","Enchanted Cockatrice",6,0.6,""
"The Aether","aether_legacy:ginger_bread_man",12662,0,"false","Ginger Bread Man",2,0.6,""
"The Aether","aether_legacy:gummy_swet",12659,0,"true","Blue Gummy Swet",20,0.6,""
"The Aether","aether_legacy:gummy_swet",12659,1,"true","Golden Gummy Swet",20,0.6,""
"The Aether","aether_legacy:healing_stone",12660,0,"false","Healing Stone",0,0.6,""
"The Aether","aether_legacy:white_apple",12658,0,"false","White Apple",0,0.6,""
"Traces of the Fallen","totf:pemmican",11043,0,"false","Pemmican",10,0.8,""
"Trinkets and Baubles","xat:dragon_gem",7253,0,"true","Dragon Gem",2,4.0,""
"Trinkets and Baubles","xat:dragon_gem",7253,1,"true","Fire Dragon Gem",2,4.0,""
"Trinkets and Baubles","xat:dragon_gem",7253,2,"true","Ice Dragon Gem",2,4.0,""
"Trinkets and Baubles","xat:dragon_gem",7253,3,"true","Lightning Dragon Gem",2,4.0,""
"Trinkets and Baubles","xat:dwarf_stout",7247,0,"false","Dwarf Stout",2,4.0,""
"Trinkets and Baubles","xat:elf_sap",7248,0,"false","Elf Sap",2,4.0,""
"Trinkets and Baubles","xat:faelis_food",7249,0,"false","Faelis Nip",2,4.0,""
"Trinkets and Baubles","xat:fairy_dew",7250,0,"false","Fairy Dew",2,4.0,""
"Trinkets and Baubles","xat:goblin_soup",7251,0,"false","Goblin Soup",2,4.0,""
"Trinkets and Baubles","xat:mana_candy",7255,0,"false","Mana Candy",2,1.0,""
"Trinkets and Baubles","xat:mana_crystal",7256,0,"false","Mana Crystal",2,1.0,""
"Trinkets and Baubles","xat:mana_reagent",7257,0,"false","Mana Reagent",2,1.0,""
"Trinkets and Baubles","xat:restoration_serum",7258,0,"false","Restoration Serum",0,0.0,""
"Trinkets and Baubles","xat:taurus_tea",7254,0,"false","Taurus Grass Tea",2,4.0,""
"Trinkets and Baubles","xat:titan_spirit",7252,0,"false","Titan's Spirit",2,4.0,""
"Unseen's Dungeon Additions","da:beetle_morsel",11279,0,"false","Raw Beetle Morsel",3,0.0,""
"Unseen's Dungeon Additions","da:cooked_beetle_morsel",11280,0,"false","Cooked Beetle Morsel",7,0.5,""
"Unseen's Dungeon Additions","da:crumble_berries",11283,0,"false","Crumble Berries",4,0.5,""
"Unseen's Dungeon Additions","da:crystal_fruit",11113,0,"false","Crystal Fruit",5,1.0,""
"Unseen's Dungeon Additions","da:dungeon_bread",11112,0,"false","Dungeon Bread",5,0.1,""
"Unseen's Dungeon Additions","da:enflamed_meat",11281,0,"false","Inflamed Meat",10,0.8,""
"Unseen's Dungeon Additions","da:glow_berry",11278,0,"false","Glow Berries",4,0.4,""
"Unseen's Dungeon Additions","da:wyrk_snack",11282,0,"false","The Survivor's Endless Hunger",6,0.7,""
"Veilings","veilings:veiling_tiramisu",11461,0,"false","Veiling Tiramisu",5,0.6,""
"Wizardry Tales","wizardry_tales:tenebria_cookie",11508,0,"false","Cookie",2,0.1,""
"Zoo and Wild Animals Mod: Rebuilt","zawa:bird_meat",11642,0,"false","Raw Bird Meat",1,0.4,""
"Zoo and Wild Animals Mod: Rebuilt","zawa:bird_meat_cooked",11643,0,"false","Cooked Bird Meat",3,0.9,""
"Zoo and Wild Animals Mod: Rebuilt","zawa:bush_meat_cooked",11641,0,"false","Cooked Bush Meat",5,0.9,""
"Zoo and Wild Animals Mod: Rebuilt","zawa:bush_meat_raw",11640,0,"false","Raw Bush Meat",2,0.4,""
"Zoo and Wild Animals Mod: Rebuilt","zawa:carnivore_meat_cooked",11635,0,"false","Carnivore Meat Cooked",6,0.9,""
"Zoo and Wild Animals Mod: Rebuilt","zawa:carnivore_meat_raw",11634,0,"false","Carnivore Meat Raw",2,0.4,""
"Zoo and Wild Animals Mod: Rebuilt","zawa:cetacean_meat_cooked",11639,0,"false","Cooked Cetacean Meat",6,0.9,""
"Zoo and Wild Animals Mod: Rebuilt","zawa:cetacean_meat_raw",11638,0,"false","Raw Cetacean Meat",3,0.4,""
"Zoo and Wild Animals Mod: Rebuilt","zawa:cooked_cichlid",11649,0,"false","Cooked Cichlid",4,0.5,""
"Zoo and Wild Animals Mod: Rebuilt","zawa:cooked_crab_leg",11651,0,"false","Cooked Crab Leg",4,0.5,""
"Zoo and Wild Animals Mod: Rebuilt","zawa:cooked_frog_leg",11647,0,"false","Cooked Frog Leg",4,0.9,""
"Zoo and Wild Animals Mod: Rebuilt","zawa:large_meat_cooked",11637,0,"false","Cooked Large Meat",9,0.9,""
"Zoo and Wild Animals Mod: Rebuilt","zawa:large_meat_raw",11636,0,"false","Raw Large Meat",3,0.4,""
"Zoo and Wild Animals Mod: Rebuilt","zawa:rat_cooked",11633,0,"false","Cooked Rat",2,0.9,""
"Zoo and Wild Animals Mod: Rebuilt","zawa:rat_raw",11632,0,"false","Raw Rat",1,0.4,""
"Zoo and Wild Animals Mod: Rebuilt","zawa:raw_cichlid",11648,0,"false","Raw Cichlid",2,0.2,""
"Zoo and Wild Animals Mod: Rebuilt","zawa:raw_crab_leg",11650,0,"false","Raw Crab Leg",2,0.2,""
"Zoo and Wild Animals Mod: Rebuilt","zawa:raw_frog_leg",11646,0,"false","Raw Frog Leg",2,0.4,""
"Zoo and Wild Animals Mod: Rebuilt","zawa:reptile_meat_cooked",11645,0,"false","Cooked Reptile Meat",4,0.9,""
"Zoo and Wild Animals Mod: Rebuilt","zawa:reptile_meat_raw",11644,0,"false","Raw Reptile Meat",2,0.4,""
